# Host: localhost  (Version 5.7.24)
# Date: 2020-07-13 23:31:41
# Generator: MySQL-Front 6.0  (Build 2.20)


#
# Structure for table "articles"
#

DROP TABLE IF EXISTS `articles`;
CREATE TABLE `articles` (
  `id` int(10) unsigned NOT NULL AUTO_INCREMENT,
  `title` varchar(191) COLLATE utf8mb4_unicode_ci NOT NULL,
  `body` text COLLATE utf8mb4_unicode_ci NOT NULL,
  `created_at` timestamp NULL DEFAULT NULL,
  `updated_at` timestamp NULL DEFAULT NULL,
  PRIMARY KEY (`id`)
) ENGINE=InnoDB AUTO_INCREMENT=152 DEFAULT CHARSET=utf8mb4 COLLATE=utf8mb4_unicode_ci;

#
# Data for table "articles"
#

INSERT INTO `articles` VALUES (1,'Magnam dolores consequatur consequuntur.','Id officiis numquam voluptatem non pariatur quas distinctio. Blanditiis ducimus sed aliquid esse recusandae libero vero ducimus.','2020-07-10 13:45:30','2020-07-10 13:45:30'),(3,'Enim voluptatibus tempora dignissimos qui itaque.','Qui ut voluptatum iste et omnis. Blanditiis nihil totam corporis dolorum vel non ut sequi. Dolores sit iste perspiciatis et incidunt aut. Quo sit rem architecto nam eum dolores numquam.','2020-07-10 13:45:30','2020-07-10 13:45:30'),(4,'Updated title','Updated Body','2020-07-10 13:45:30','2020-07-10 15:25:38'),(5,'Facere dolores quae qui quidem rerum.','In eos voluptatum quia qui. Sit velit exercitationem commodi. Sint aliquam veritatis perferendis qui nesciunt sed. Quisquam laborum praesentium sint mollitia possimus.','2020-07-10 13:45:30','2020-07-10 13:45:30'),(6,'Asperiores sunt modi eos culpa nisi.','Alias voluptate ab exercitationem perferendis ut. Aut deleniti voluptatem non a omnis inventore. Cumque nam laborum accusantium cumque non.','2020-07-10 13:45:30','2020-07-10 13:45:30'),(7,'Qui at et unde rem nobis qui.','Non ut assumenda qui accusamus ipsa saepe. Accusantium consequuntur numquam iusto quas aut possimus et aspernatur. Placeat et velit non perspiciatis facilis perspiciatis.','2020-07-10 13:45:30','2020-07-10 13:45:30'),(8,'Temporibus corrupti pariatur totam assumenda.','Nulla molestiae et aperiam omnis aut. Quae maxime earum magnam. Inventore error provident laudantium error dignissimos. Nulla quidem dolore quis autem in quia esse.','2020-07-10 13:45:30','2020-07-10 13:45:30'),(9,'Ut et at non repudiandae quas in.','Ipsam exercitationem dignissimos eius quas. Facere eaque officia et nam nesciunt. Quis fuga nostrum accusantium rerum. Repudiandae corporis harum non dolorem dignissimos.','2020-07-10 13:45:30','2020-07-10 13:45:30'),(10,'Et sapiente qui est ut est qui.','Omnis sit et occaecati et consequatur. Dolor aut nihil assumenda eius labore iste. Quaerat ipsa in ad quia laboriosam qui.','2020-07-10 13:45:31','2020-07-10 13:45:31'),(11,'Sit accusamus expedita at adipisci fugit.','Voluptas accusantium rerum nihil. Eligendi vel sequi commodi animi a iusto fugiat ipsam. Qui doloribus impedit occaecati laudantium.','2020-07-10 13:45:31','2020-07-10 13:45:31'),(12,'Aliquam deleniti possimus adipisci ea eligendi.','Eveniet quia est quo provident. Excepturi dolore necessitatibus ea. Quo ut optio nesciunt. Esse nemo quam dolores dolorem eveniet voluptas expedita. In dignissimos fugiat occaecati in qui quod.','2020-07-10 13:45:31','2020-07-10 13:45:31'),(13,'Voluptas ea enim est consequatur ullam.','Dolorem nesciunt est harum ipsa et perspiciatis eos. Iste quas beatae aliquid est magni earum nemo. Enim ut ut eum est.','2020-07-10 13:45:31','2020-07-10 13:45:31'),(14,'Sequi cumque soluta est et.','Optio quaerat aliquam omnis et impedit earum illo nobis. Commodi dolor consectetur esse omnis est. Fuga accusantium quisquam enim vel. Ab et impedit facere sint quia cum laudantium.','2020-07-10 13:45:31','2020-07-10 13:45:31'),(15,'Et et sunt eveniet vel molestias.','Pariatur non aspernatur beatae et a. Dolor possimus dolorem deleniti et optio. Aut fugiat quis corrupti voluptate et facilis cum.','2020-07-10 13:45:31','2020-07-10 13:45:31'),(16,'Non labore accusamus qui sit.','Expedita sit omnis nisi nisi aut perferendis cumque. Natus possimus qui excepturi temporibus magni similique quo. Et omnis quia sint aut eaque. Consequatur aut illo voluptatibus quo velit.','2020-07-10 13:45:31','2020-07-10 13:45:31'),(17,'Ad nihil laudantium nobis magni a.','Dolores in beatae itaque. Ipsam ipsam rerum molestiae ex ut accusantium sunt. Tempore ut blanditiis earum unde neque rerum et. Et rerum iusto omnis dolores vel placeat.','2020-07-10 13:45:31','2020-07-10 13:45:31'),(18,'Quo et id labore et et odio eos.','Numquam excepturi atque fugiat numquam ipsam commodi. Dolor occaecati facere vel ut delectus sit nesciunt. Libero blanditiis rerum ullam ut totam vitae eos fuga.','2020-07-10 13:45:31','2020-07-10 13:45:31'),(19,'Nihil autem sed ea ratione sed.','Quod velit non iusto maiores et voluptas. Labore et reprehenderit perspiciatis quis facere. Asperiores ullam nobis itaque explicabo saepe labore autem.','2020-07-10 13:45:31','2020-07-10 13:45:31'),(20,'In et labore error nulla ipsa unde deserunt.','Repellat vitae aperiam quaerat pariatur et nihil ut est. Aliquam quia deserunt voluptas dolores libero quasi atque. Ut quasi non tenetur et dicta qui blanditiis. Nisi voluptas nihil nihil sunt.','2020-07-10 13:45:31','2020-07-10 13:45:31'),(21,'Qui facere officia ab.','Aut dolorum quaerat est nihil autem explicabo ut fuga. Quia rerum dolorem ad ea ea voluptas. Nemo perspiciatis maiores et enim voluptatem tempore.','2020-07-10 13:45:31','2020-07-10 13:45:31'),(22,'Odit quia voluptatum distinctio et.','Quibusdam dicta sint ipsa asperiores quod eum voluptatum molestias. Aperiam aut quaerat ab quibusdam quae quaerat. Voluptatum ex et qui vel laborum.','2020-07-10 13:45:31','2020-07-10 13:45:31'),(23,'Iste voluptatem qui ut dicta.','Laudantium in minima voluptas accusamus. Quos dolor eveniet repellendus cupiditate eaque. Quia ratione consequatur eos qui iusto illum aliquam. Suscipit facilis commodi quo at.','2020-07-10 13:45:31','2020-07-10 13:45:31'),(24,'Non fugiat ut est.','Tempora qui inventore voluptatem optio omnis id. Dicta earum iste ullam iste. Quidem quas quibusdam rerum maiores esse expedita.','2020-07-10 13:45:31','2020-07-10 13:45:31'),(25,'Expedita cupiditate quo aut.','In modi autem id dolorem error tenetur voluptas. Fugit non nihil quia suscipit architecto et inventore. Qui pariatur asperiores veniam sunt nulla ad. Ipsam delectus ducimus vel officiis qui.','2020-07-10 13:45:31','2020-07-10 13:45:31'),(26,'Nesciunt minima et et.','Dolorem et pariatur suscipit voluptate dolorem est. Nihil et voluptatibus architecto soluta in.','2020-07-10 13:45:31','2020-07-10 13:45:31'),(27,'Veritatis dolores quaerat consequatur atque.','Eaque excepturi rem eos dolor ut. Aperiam ipsa vitae dolorem deserunt doloremque quia nesciunt. Incidunt laborum necessitatibus magnam qui. Animi esse ipsam atque incidunt.','2020-07-10 13:45:31','2020-07-10 13:45:31'),(28,'Neque est quia quod voluptatem.','Non qui est rerum porro culpa. Quis nihil sunt alias quia vel nesciunt voluptatem. Provident aperiam quia amet. Aliquam dolorem omnis illo molestias itaque quam voluptas.','2020-07-10 13:45:31','2020-07-10 13:45:31'),(29,'Quia velit corporis nesciunt quos vel.','Quo nihil nemo maxime tenetur autem eius quos. A officia iste sit. Labore eius dignissimos a veniam adipisci ea. Ducimus ducimus soluta voluptas quibusdam sunt voluptatum quasi.','2020-07-10 13:45:31','2020-07-10 13:45:31'),(30,'Laborum adipisci hic sed.','Eligendi qui laboriosam aut sint. Adipisci id ut iste recusandae dolores consectetur voluptates. Dolorum necessitatibus velit quia praesentium quia.','2020-07-10 13:45:31','2020-07-10 13:45:31'),(31,'New tile','New Body','2020-07-10 15:28:33','2020-07-10 15:28:33'),(32,'Nesciunt amet consequatur deleniti aut.','Corrupti delectus delectus nihil laboriosam. Et est provident quia est soluta. Facilis assumenda est quo provident id odio omnis.','2020-07-13 18:54:57','2020-07-13 18:54:57'),(33,'Qui assumenda nisi ea animi vitae ipsa.','Aliquam nostrum dolores quo et recusandae ea veritatis. Earum eius ratione est possimus voluptatem voluptatem nemo. Ducimus quos non quaerat ipsa dicta omnis id.','2020-07-13 18:54:57','2020-07-13 18:54:57'),(34,'Vero sed eos soluta id rerum tempore consequatur.','Mollitia accusamus fuga cumque consequatur reprehenderit. Dolore accusamus in sit et mollitia error. Corporis aliquid cumque tempora sit est.','2020-07-13 18:54:57','2020-07-13 18:54:57'),(35,'Vel asperiores nihil qui et. Quas et ut qui.','Quas distinctio commodi minus quos animi. Quasi nihil sunt iure est. Eum autem eaque voluptatem. Sit fuga voluptatem quam nihil repellat sit qui.','2020-07-13 18:54:57','2020-07-13 18:54:57'),(36,'Et quis sed ea incidunt ea culpa.','Qui asperiores id illo veritatis quis. Iusto omnis voluptatibus quae facilis ut dolorem qui.','2020-07-13 18:54:57','2020-07-13 18:54:57'),(37,'Reprehenderit nostrum deleniti qui ducimus.','Facilis nulla quo sed. Necessitatibus ab vitae dolores qui. Ad dolore earum velit rerum fugiat rerum. Earum eos perferendis qui ullam earum rerum dolorem.','2020-07-13 18:54:57','2020-07-13 18:54:57'),(38,'Nostrum et iure est vel sed.','Qui aspernatur reprehenderit animi fugit et consequuntur qui. Dolorem a deleniti repudiandae alias. Voluptas occaecati assumenda et perferendis non ducimus pariatur.','2020-07-13 18:54:57','2020-07-13 18:54:57'),(39,'Sit porro quo accusantium fugiat modi nesciunt.','Et et corrupti nesciunt. Voluptas commodi dolor quo esse culpa. Assumenda eos officiis eum cupiditate. Eveniet in in aut ullam incidunt inventore.','2020-07-13 18:54:57','2020-07-13 18:54:57'),(40,'Non alias aspernatur vel at quod temporibus.','Et sunt aut recusandae et. Et in libero sit ipsam aspernatur. Sed veniam tempora nemo temporibus est temporibus eum. Laudantium eos enim at voluptatem asperiores error molestias.','2020-07-13 18:54:57','2020-07-13 18:54:57'),(41,'Est quis tempore nihil ut.','Tempore molestiae omnis perferendis voluptatem. Deserunt neque quia assumenda tenetur vel exercitationem ea. Ducimus quia dolore ipsum voluptate.','2020-07-13 18:54:57','2020-07-13 18:54:57'),(42,'Eligendi quos fugit ut.','Quod esse eligendi quasi qui. Facere quasi rerum necessitatibus adipisci.','2020-07-13 18:54:57','2020-07-13 18:54:57'),(43,'Et alias mollitia qui sapiente.','Veritatis expedita consequatur voluptatem dolorem ea voluptas. Molestiae omnis aut molestiae. Nihil vel molestiae fugiat molestias dolorem quae enim aut.','2020-07-13 18:54:57','2020-07-13 18:54:57'),(44,'Laborum nam quis exercitationem qui fugiat quia.','Cupiditate et dolorem et eveniet ratione. Ad nobis accusamus aut vitae vel. Velit minus veniam id repellat repudiandae autem.','2020-07-13 18:54:57','2020-07-13 18:54:57'),(45,'Expedita delectus voluptas et vero.','Itaque non enim corrupti quia temporibus. Ut quasi reprehenderit ut optio quibusdam. Perspiciatis et quia amet impedit placeat.','2020-07-13 18:54:57','2020-07-13 18:54:57'),(46,'Error iure odio dolorum voluptate non cum.','Est qui accusamus repellendus quas incidunt veniam molestias officia. Autem voluptatem inventore excepturi vitae occaecati veniam est. Sapiente corrupti deleniti fuga.','2020-07-13 18:54:57','2020-07-13 18:54:57'),(47,'Repellat suscipit sapiente ut sed et odit sit.','Labore culpa iusto et dolores cumque. Inventore vitae suscipit nam eaque aut autem.','2020-07-13 18:54:57','2020-07-13 18:54:57'),(48,'Est explicabo sapiente aut at hic.','Sit rerum corrupti nihil illo ut at. Exercitationem sapiente explicabo dolorem. Dolor quae ipsam dignissimos aut dolor fuga nobis. Ut possimus qui neque excepturi odit ut nam.','2020-07-13 18:54:57','2020-07-13 18:54:57'),(49,'Illum laboriosam vel occaecati neque sapiente.','Asperiores magni delectus voluptatem iusto voluptas iusto. Esse provident quia laborum quod deleniti facilis unde. Et ut qui est ut.','2020-07-13 18:54:57','2020-07-13 18:54:57'),(50,'In cumque eum pariatur voluptatem dolor.','Et impedit cupiditate sunt voluptatem. Dolores aliquid consequuntur unde eum. Officiis quo veniam qui soluta alias.','2020-07-13 18:54:57','2020-07-13 18:54:57'),(51,'Et animi aut quia.','Accusantium sint quia adipisci laborum itaque omnis. Velit dolores ut corrupti non ut animi. Eius quia aspernatur ab ipsum. Eum quis et dolor et.','2020-07-13 18:54:57','2020-07-13 18:54:57'),(52,'Totam eius id voluptas.','Fugit veritatis provident reprehenderit ut sint maiores. Sed est possimus aut eius. In ex sed eveniet maxime velit ipsam eum error. Non est quia nesciunt et. Eius aperiam error quas quam odit.','2020-07-13 18:54:57','2020-07-13 18:54:57'),(53,'Eius ipsum quia quas dolorem sint.','Eveniet dignissimos ex rem. Ut voluptatum voluptas commodi similique et corporis quibusdam. Eveniet veniam animi doloribus sapiente nostrum veritatis.','2020-07-13 18:54:57','2020-07-13 18:54:57'),(54,'Quod blanditiis aut rem facilis.','Dolorum odio aut nisi molestias pariatur. Hic ipsum placeat illum.','2020-07-13 18:54:58','2020-07-13 18:54:58'),(55,'Magnam voluptas dolor et non dolorem.','Et et dolor deserunt id rem. Deserunt in vitae sed modi neque fugit possimus. Et et est natus et. Et voluptas doloribus possimus optio.','2020-07-13 18:54:58','2020-07-13 18:54:58'),(56,'Aut sit consequatur aut voluptatem.','Itaque doloribus quasi delectus. Repellat dolor et iste consectetur et. Voluptas voluptates vel dolor soluta.','2020-07-13 18:54:58','2020-07-13 18:54:58'),(57,'Qui quo quas ut omnis pariatur libero quo.','Perspiciatis aspernatur dolorem placeat qui. Eos reprehenderit dolorum aut qui voluptates.','2020-07-13 18:54:58','2020-07-13 18:54:58'),(58,'Ipsa aut sapiente consectetur aut.','A necessitatibus et sed est quibusdam consequatur ea. Quaerat doloribus et maiores officiis asperiores. Laboriosam facilis vero itaque quas et doloribus ab dolores.','2020-07-13 18:54:58','2020-07-13 18:54:58'),(59,'In nihil voluptas doloremque aut.','Sapiente quibusdam fugiat minima dolore saepe quasi. Illum neque quos omnis totam sit laborum itaque. Tenetur sint optio ut dolores atque ratione. Omnis animi deserunt labore quasi omnis nulla eius.','2020-07-13 18:54:58','2020-07-13 18:54:58'),(60,'Impedit est et et rerum.','Sit quam illo quam omnis sunt vero. Inventore quisquam quidem ut modi expedita. Itaque unde expedita cupiditate dolore repellendus.','2020-07-13 18:54:58','2020-07-13 18:54:58'),(61,'Blanditiis perferendis et atque et debitis.','Neque consequuntur voluptas ut ullam laudantium laboriosam reiciendis. Nostrum id exercitationem qui ipsum eius. Ipsum recusandae excepturi quia asperiores veniam eaque earum.','2020-07-13 18:54:58','2020-07-13 18:54:58'),(62,'Aut beatae alias cum aut voluptatem.','Qui quia vel aut repudiandae. Cum eum ut qui aspernatur eveniet. Optio omnis pariatur non sit voluptas corporis voluptatem odio.','2020-07-13 18:56:09','2020-07-13 18:56:09'),(63,'Et laboriosam voluptatem quidem tempore.','Rerum in nemo aut. Quas ea magnam et culpa. Quia est odio nam voluptas aperiam dolores aliquam aut. Corporis earum minima qui itaque neque id quia.','2020-07-13 18:56:09','2020-07-13 18:56:09'),(64,'Adipisci iste officia consequatur et vitae.','Sunt eos atque deleniti sed. Vel laboriosam dolorum mollitia.','2020-07-13 18:56:09','2020-07-13 18:56:09'),(65,'Neque aut nihil occaecati beatae.','Similique esse praesentium totam. Possimus sit dolorem rem et. Id quo vero nam voluptatum numquam perferendis qui ea.','2020-07-13 18:56:09','2020-07-13 18:56:09'),(66,'Repellat odio molestiae sed in ut eius.','Ea architecto sed quo et molestiae nisi et deserunt. Ut facilis soluta maxime repellendus numquam. Quibusdam velit sunt animi vel iure.','2020-07-13 18:56:09','2020-07-13 18:56:09'),(67,'Asperiores ipsa qui in natus.','Enim et unde delectus autem qui vero qui. Dignissimos praesentium id omnis et. Dolores mollitia quia aliquid nihil numquam cum. Iusto repellendus quis et aut provident incidunt et optio.','2020-07-13 18:56:09','2020-07-13 18:56:09'),(68,'Repellendus a culpa cum nemo natus.','Molestias omnis nemo ut ut magni. Perspiciatis maxime iure consequuntur libero nam fugiat voluptatem rerum. Voluptatem dolores et culpa. Tenetur et odit veritatis quis.','2020-07-13 18:56:09','2020-07-13 18:56:09'),(69,'Est iusto eaque qui natus aut.','In provident ipsam maxime eos. Aperiam ullam dolor exercitationem maxime aperiam quo assumenda dolorem. Expedita eius asperiores maxime ipsa non nostrum rerum.','2020-07-13 18:56:09','2020-07-13 18:56:09'),(70,'Quia eveniet dolor minima.','Placeat aut qui eum nisi quia quae et. Eum ullam fugit ex suscipit inventore. Commodi quo dolores dolor consequatur rerum rem.','2020-07-13 18:56:09','2020-07-13 18:56:09'),(71,'Cum neque veniam ea amet corporis eaque.','Dolorum vero non temporibus qui est aut consequatur. Exercitationem ratione consequuntur enim ipsam. Distinctio consequatur et exercitationem dolorem non.','2020-07-13 18:56:09','2020-07-13 18:56:09'),(72,'Quia voluptas est sequi.','Non ipsum exercitationem iste. Dolore officia suscipit magni fugiat doloribus. Rem impedit qui accusamus placeat nulla aut. Corporis ut ducimus temporibus inventore et.','2020-07-13 18:56:09','2020-07-13 18:56:09'),(73,'Consequatur et aliquam non et officiis provident.','Blanditiis dolorem non minus incidunt voluptate. Amet unde veniam voluptatem in ut ipsa est minus. Sunt et voluptatem et et vero quo voluptas. Iusto ut voluptates cupiditate.','2020-07-13 18:56:09','2020-07-13 18:56:09'),(74,'Nam adipisci accusantium error voluptas.','Tempora aliquid officiis est voluptas ut beatae. Enim qui molestiae est modi impedit dolore voluptas. Illum sit facere atque ipsum. Qui fugiat sed sint quisquam.','2020-07-13 18:56:09','2020-07-13 18:56:09'),(75,'Mollitia iure sint veniam at qui ut.','Rerum expedita accusantium ratione ea et voluptas. Sint sit qui cumque corporis aut dolorum. Sint qui dolorum ut impedit consequuntur dolores at.','2020-07-13 18:56:09','2020-07-13 18:56:09'),(76,'Quia eum libero velit amet totam.','Molestias delectus officia quae. Enim ut ducimus expedita consectetur et similique. Beatae consequatur asperiores amet itaque.','2020-07-13 18:56:09','2020-07-13 18:56:09'),(77,'Aliquam ut ut a sed accusantium in aspernatur.','Sunt natus facere suscipit et et aliquid ut. Fuga fugit illum vel adipisci omnis voluptas et fuga. Atque laboriosam quos est.','2020-07-13 18:56:09','2020-07-13 18:56:09'),(78,'Libero incidunt atque ut sed rerum iusto.','Voluptas iusto corporis ea. Voluptatem soluta possimus dolorum laborum reiciendis eligendi maiores. Ea voluptatem voluptas expedita reprehenderit atque in molestiae est.','2020-07-13 18:56:09','2020-07-13 18:56:09'),(79,'Magnam et aut est qui modi ea.','Est dolores delectus animi harum omnis saepe aut. Modi sed nobis aspernatur molestiae. Id quam harum ut accusantium.','2020-07-13 18:56:09','2020-07-13 18:56:09'),(80,'Ducimus possimus quia consequatur consectetur et.','Dicta accusamus quas voluptas est quo voluptas qui nisi. Illo et distinctio adipisci et et. Amet aut ex impedit tenetur.','2020-07-13 18:56:09','2020-07-13 18:56:09'),(81,'Possimus facere enim itaque.','Delectus suscipit corporis impedit similique et sit. Velit voluptas quidem consequuntur qui sit et numquam. Est fugiat non delectus.','2020-07-13 18:56:09','2020-07-13 18:56:09'),(82,'Ut tenetur atque incidunt non qui cumque quidem.','Enim in ad distinctio officia quae. Consectetur molestiae natus nemo est. Sit voluptatum ducimus ut veniam corrupti quis.','2020-07-13 18:56:09','2020-07-13 18:56:09'),(83,'Rerum corrupti odit ad blanditiis.','Autem similique accusamus iure quisquam at. Minus dolorem sapiente alias eius ullam. Sed ipsum est laudantium.','2020-07-13 18:56:09','2020-07-13 18:56:09'),(84,'Odio eveniet enim beatae porro.','Aperiam id ut iste animi aut veritatis. Et et ullam eligendi enim quo pariatur ipsam. Sed labore molestias eligendi ex dolore.','2020-07-13 18:56:09','2020-07-13 18:56:09'),(85,'Et eos velit quis itaque inventore.','Dolor rerum debitis sed quia doloribus numquam tenetur perspiciatis. Corporis quia quo ut et aliquid qui eius. Rerum eaque aspernatur ut amet.','2020-07-13 18:56:09','2020-07-13 18:56:09'),(86,'Laudantium aut sit at voluptas aut.','Unde aut est et corporis ad sed impedit eos. Similique hic aperiam libero fuga magnam quia delectus. Quam maxime ex doloremque eum. Quam voluptatem facere incidunt et expedita suscipit deserunt.','2020-07-13 18:56:09','2020-07-13 18:56:09'),(87,'Eum unde dolor repellat quasi non quo.','Nesciunt eveniet autem debitis temporibus quae autem. Recusandae maiores deleniti dolores sed qui incidunt rerum. Quasi ducimus veniam est rerum. Hic modi qui optio exercitationem expedita.','2020-07-13 18:56:09','2020-07-13 18:56:09'),(88,'Laudantium a facere accusantium modi.','Explicabo aut enim et dolores dolore harum deleniti. Aut aliquam aut et in sit alias. Odit qui ipsum velit. Voluptatem repudiandae deserunt soluta vel similique.','2020-07-13 18:56:09','2020-07-13 18:56:09'),(89,'Repellendus perferendis praesentium quis.','Est omnis dolor reiciendis. Consequuntur quod veritatis quia est. Magnam enim aut exercitationem accusantium soluta corrupti aut aut.','2020-07-13 18:56:09','2020-07-13 18:56:09'),(90,'Itaque fugit quasi occaecati qui repellat id ut.','Ipsa sit corrupti totam eum dignissimos ut inventore sed. Exercitationem reiciendis et sed iste sint rerum. Et reiciendis doloribus nobis ullam eos itaque accusantium.','2020-07-13 18:56:09','2020-07-13 18:56:09'),(91,'Est et aut autem error rerum et magni aspernatur.','Et ullam cum et. Ab qui et corrupti doloribus est in molestias sit. Unde nesciunt fugiat sunt odio. Recusandae qui consequatur ut.','2020-07-13 18:56:09','2020-07-13 18:56:09'),(92,'In nostrum vel perferendis facilis et.','Et architecto tenetur recusandae hic. Est dolorem omnis aliquam corporis recusandae officia velit autem.','2020-07-13 18:58:24','2020-07-13 18:58:24'),(93,'Sequi eaque voluptates vitae laudantium.','Possimus voluptatem eligendi ratione quaerat inventore. Est maiores est et qui tenetur recusandae aperiam nesciunt. Accusamus facere iure eaque et temporibus.','2020-07-13 18:58:24','2020-07-13 18:58:24'),(94,'Omnis amet qui voluptatibus in.','Inventore ut sequi suscipit dignissimos nulla. Necessitatibus ex ad dolore commodi. Eveniet incidunt voluptas omnis ipsam cupiditate. Et ab debitis non vero ipsa magni.','2020-07-13 18:58:24','2020-07-13 18:58:24'),(95,'Voluptatum quis quam dolore rerum.','Quaerat inventore dolorem rerum ducimus. Est voluptatem nemo sint quia voluptatem autem. Autem minus magnam animi voluptas vitae eos enim. Aut possimus quia et odio voluptatem dolor.','2020-07-13 18:58:24','2020-07-13 18:58:24'),(96,'Eveniet eos ipsa tempore et.','Est adipisci rerum atque ut aperiam sed. Quisquam est aliquid quo impedit explicabo. Aliquid quos totam qui earum. Modi accusantium voluptatum occaecati sunt.','2020-07-13 18:58:24','2020-07-13 18:58:24'),(97,'Saepe iste qui earum ratione ab.','Rem nam adipisci itaque necessitatibus. Quis voluptatem magnam omnis delectus hic eveniet.','2020-07-13 18:58:24','2020-07-13 18:58:24'),(98,'Sapiente totam ducimus est asperiores.','Placeat omnis quas tenetur labore quae. Accusamus reiciendis sed id maxime animi. Sunt at non enim soluta tempora architecto ut delectus. Est nostrum maxime quae reiciendis.','2020-07-13 18:58:24','2020-07-13 18:58:24'),(99,'Facilis a officia deleniti est.','Non provident ad et qui voluptate. Enim dolores dolores rem aut repellendus. Dolores quos natus voluptas accusamus dolor rerum. Ut esse autem ipsa ex dicta labore.','2020-07-13 18:58:24','2020-07-13 18:58:24'),(100,'Nobis corrupti nisi fuga accusantium est et.','Quas qui et exercitationem repellendus. Error sit corporis velit rerum est. Vel dolor quisquam neque dignissimos nemo repellendus.','2020-07-13 18:58:24','2020-07-13 18:58:24'),(101,'Qui et iure eum impedit dolorem tenetur dolorum.','Soluta consectetur fugiat sit doloremque occaecati et aliquam esse. Quos tempore iure est earum. Beatae consequatur asperiores est consequatur. Quia ut et qui id dignissimos et quia.','2020-07-13 18:58:24','2020-07-13 18:58:24'),(102,'Eum id quidem ipsum aut incidunt.','Ipsam adipisci et vel culpa eaque. Ducimus odit velit rerum quo recusandae. Porro et rerum et necessitatibus. Fugit ipsa non ipsa ipsum exercitationem provident.','2020-07-13 18:58:24','2020-07-13 18:58:24'),(103,'Voluptatem aut qui culpa eveniet ut.','Quia distinctio quidem ut animi. Repellendus qui iusto qui voluptatum praesentium dolorem nemo. Autem at nisi atque iure molestias est. Nemo qui voluptate ex et.','2020-07-13 18:58:24','2020-07-13 18:58:24'),(104,'Quisquam exercitationem rerum animi.','Aut omnis doloribus alias rerum veniam aliquam dolor ut. Placeat nisi et et et. Voluptas corrupti atque et deserunt. Assumenda expedita nobis ipsam impedit qui.','2020-07-13 18:58:24','2020-07-13 18:58:24'),(105,'Laboriosam illum recusandae molestias.','Quos repellendus doloremque consequatur exercitationem cupiditate a. Fuga commodi velit aut ex quo. Harum quia dolor vel dolore qui voluptas. Veritatis earum possimus ipsum velit ut qui cum.','2020-07-13 18:58:24','2020-07-13 18:58:24'),(106,'Quae aliquid ut harum nisi.','Ea in amet esse quo dolorum. Qui qui quia aut autem quos. Animi rerum nulla magnam qui.','2020-07-13 18:58:24','2020-07-13 18:58:24'),(107,'Doloremque minima omnis placeat.','Ipsum iste voluptas placeat error. Minima placeat nulla facere. Qui quod magni quis quam maiores.','2020-07-13 18:58:24','2020-07-13 18:58:24'),(108,'Non at porro qui amet sequi rerum.','Quae assumenda in a earum maxime qui. Libero sed qui ad omnis quasi ducimus dolores. Natus harum deserunt consequatur quo. Eaque ut id sunt repudiandae.','2020-07-13 18:58:24','2020-07-13 18:58:24'),(109,'Dicta nihil quis animi similique.','Rerum rerum ut veniam sit minima voluptatibus consectetur. Laborum in repudiandae odio vel fugit. Voluptas animi incidunt voluptatem ratione nihil perferendis debitis.','2020-07-13 18:58:24','2020-07-13 18:58:24'),(110,'Excepturi accusantium ut dolores aut.','Ad minima vel et natus repudiandae. Dolore hic voluptatem itaque aut rerum quam explicabo.','2020-07-13 18:58:24','2020-07-13 18:58:24'),(111,'Molestiae velit amet tempora.','Dolor aut voluptas perferendis officiis. Dolore vel dolorem laboriosam sequi et cum. Corporis saepe ut sint non. Amet placeat sequi ut error similique tempora ut.','2020-07-13 18:58:24','2020-07-13 18:58:24'),(112,'Iste cumque quo voluptates.','Non sint labore omnis beatae. Suscipit eos quo laborum voluptas. Est ut exercitationem repellendus corporis enim. Perferendis aut adipisci non rerum.','2020-07-13 18:58:24','2020-07-13 18:58:24'),(113,'Eum tempore illo velit omnis.','Non porro et ut maxime est et. Quis architecto quos sunt cum id unde. Pariatur in inventore soluta eligendi. Maiores magni et vero in rerum.','2020-07-13 18:58:24','2020-07-13 18:58:24'),(114,'Pariatur commodi velit minima enim id doloremque.','Non reprehenderit eligendi architecto voluptas. Odit consequatur modi eos deserunt ipsam. Velit eum reprehenderit ad.','2020-07-13 18:58:24','2020-07-13 18:58:24'),(115,'Et iure sit sit nam similique eligendi.','Debitis soluta aut consequuntur omnis. Voluptatem incidunt ut minus ut. Fugit odit officia dolorum culpa repudiandae.','2020-07-13 18:58:24','2020-07-13 18:58:24'),(116,'Aut similique odio quisquam harum quo.','Temporibus quam minima error quaerat facere. Distinctio aspernatur officia quas odio. Neque velit modi aut quisquam et molestiae praesentium porro. Quod voluptas nemo et voluptatem ut.','2020-07-13 18:58:24','2020-07-13 18:58:24'),(117,'Accusantium voluptatem tenetur minus quia.','Et ipsam incidunt et alias molestiae. Consequatur quia reprehenderit natus consequatur nobis deleniti dolores. Aut et unde ut quisquam tenetur. Laudantium neque dolorem tempora distinctio.','2020-07-13 18:58:24','2020-07-13 18:58:24'),(118,'Saepe et impedit omnis cupiditate.','Veniam voluptate tempore repellat vel ut officiis. Nam rerum consectetur aut at sit. Dicta ut eius quas cumque. Doloremque porro earum qui. Voluptatum tempore dolorem iste neque.','2020-07-13 18:58:24','2020-07-13 18:58:24'),(119,'Nam enim nihil est ipsa quidem sit nostrum et.','Et molestiae ex nesciunt molestiae eaque enim. Modi consequatur est libero dolor harum assumenda velit. Cupiditate tempore rem molestiae laboriosam tempore praesentium atque.','2020-07-13 18:58:24','2020-07-13 18:58:24'),(120,'Aperiam hic perspiciatis magni dignissimos amet.','Rerum et vel eos alias repellat velit sunt voluptate. Vitae sapiente atque quo temporibus. Et eius eum laboriosam.','2020-07-13 18:58:24','2020-07-13 18:58:24'),(121,'Dolores velit ipsam nemo atque.','Iste et minus nemo repellat eum nostrum voluptatem. Vero saepe eos harum magni. Aliquam quo recusandae repudiandae. Harum suscipit eum sed earum.','2020-07-13 18:58:24','2020-07-13 18:58:24'),(122,'Blanditiis eum unde deleniti totam.','Expedita vel molestiae ipsam quae. Quia tempore numquam eaque quia. Aperiam repellat perspiciatis et consequuntur.','2020-07-13 18:59:13','2020-07-13 18:59:13'),(123,'Porro voluptatem omnis tempora doloribus vitae.','Recusandae exercitationem consectetur eaque reprehenderit quibusdam et. Excepturi sapiente qui exercitationem placeat ut excepturi. Et quos dicta est fugit harum provident.','2020-07-13 18:59:13','2020-07-13 18:59:13'),(124,'Fugiat ea voluptatem aliquam optio.','Ab voluptas facere fugiat. Natus autem dolores dicta dolorem aut neque eaque. Non dolorem in rerum magnam perspiciatis doloremque.','2020-07-13 18:59:13','2020-07-13 18:59:13'),(125,'Cumque exercitationem dolorem esse minima.','Voluptas iusto eum et enim ipsa repellat sunt. Eligendi iste illo corporis nihil maxime explicabo. Accusamus corrupti vero consequatur et.','2020-07-13 18:59:13','2020-07-13 18:59:13'),(126,'Dolores repellendus qui enim voluptatem.','Eum similique dolorem sit sit. Dolorem totam necessitatibus dolorem tenetur similique ut. Odit blanditiis aut quia saepe quasi.','2020-07-13 18:59:13','2020-07-13 18:59:13'),(127,'Quibusdam cupiditate aperiam sed magnam.','Nihil perspiciatis exercitationem laudantium non autem laudantium voluptatem. Ipsam qui sunt explicabo ea ut id. Numquam sint molestiae sed rerum.','2020-07-13 18:59:14','2020-07-13 18:59:14'),(128,'Quo officia qui fugiat labore recusandae.','Cumque rerum culpa officia. Voluptate incidunt sint quod quos pariatur repellat quod nihil. Assumenda quaerat ratione delectus voluptatibus. Perspiciatis quidem et vel similique at aut veniam.','2020-07-13 18:59:14','2020-07-13 18:59:14'),(129,'Ex temporibus sed id aut enim laudantium.','Temporibus amet et non laudantium at. Voluptatum sit pariatur voluptas modi laborum iste cum quis. Perspiciatis sequi id libero et et sit. Temporibus et quia ad sapiente fuga necessitatibus et.','2020-07-13 18:59:14','2020-07-13 18:59:14'),(130,'Numquam vel porro enim repudiandae.','Illum nostrum fuga esse modi. Et pariatur doloremque aut dolorem. Et hic non dolore harum. Totam numquam molestiae quae eos laudantium.','2020-07-13 18:59:14','2020-07-13 18:59:14'),(131,'Earum tenetur non placeat suscipit.','Et doloribus sit reiciendis labore sint. Est mollitia molestias accusantium placeat perspiciatis est. Inventore quia nulla nihil.','2020-07-13 18:59:14','2020-07-13 18:59:14'),(132,'Laboriosam in ea voluptate officiis ipsum.','Vero consequatur consequatur est. Impedit nisi aliquid suscipit. Et delectus harum voluptatem saepe eveniet. Ratione in atque necessitatibus nostrum.','2020-07-13 18:59:14','2020-07-13 18:59:14'),(133,'Tenetur hic enim pariatur quisquam.','Earum magnam voluptatibus qui quis odit dignissimos aut quo. Explicabo velit ut culpa earum est deleniti ut. Qui omnis corporis quia est. Facere laboriosam soluta quisquam fugiat temporibus.','2020-07-13 18:59:14','2020-07-13 18:59:14'),(134,'Alias sunt incidunt magnam.','Rem molestias autem quasi sunt. Sequi nulla quasi dignissimos nobis. Facilis praesentium rerum et voluptatem.','2020-07-13 18:59:14','2020-07-13 18:59:14'),(135,'Aut autem et debitis nostrum magnam velit.','Nesciunt ipsum hic quaerat velit non est nisi. Voluptatem quia molestiae repellendus voluptatem similique praesentium neque. Rerum maxime molestias rerum perspiciatis dolore.','2020-07-13 18:59:14','2020-07-13 18:59:14'),(136,'At et sit eum quia.','Magni autem repellendus veritatis omnis voluptatem. Eveniet qui corrupti voluptatem necessitatibus laborum. Aliquam impedit vel non doloremque in vel commodi. Porro aut sint ut.','2020-07-13 18:59:14','2020-07-13 18:59:14'),(137,'Dolore amet fuga blanditiis explicabo.','Sed ut impedit esse natus autem. Sequi qui aut et illum dignissimos ipsa. Atque quod aut aut. Enim dolor molestias fugit id laudantium. Adipisci aliquid qui odio. Veniam itaque aperiam similique ut.','2020-07-13 18:59:14','2020-07-13 18:59:14'),(138,'Sint atque repudiandae omnis ut.','Omnis id at nihil quo distinctio et voluptatibus provident. Beatae dolor voluptates rerum corrupti quibusdam quia ipsum. Ratione eos perferendis praesentium aut. Ea ab dolores possimus non omnis vel.','2020-07-13 18:59:14','2020-07-13 18:59:14'),(139,'Eum eligendi sunt dolorem voluptatem.','Suscipit voluptatem sunt veritatis explicabo. Similique cumque ut voluptatem aliquid quia dolorem. Et in nostrum ad illum et. Fuga eos fugiat in sint facilis odio. Sint dolores quia pariatur in.','2020-07-13 18:59:14','2020-07-13 18:59:14'),(140,'Optio molestias aut dolor.','Voluptatem eum accusantium quia tenetur qui. Quisquam et commodi impedit aliquam tenetur quibusdam aut. Dolor itaque consectetur accusamus.','2020-07-13 18:59:14','2020-07-13 18:59:14'),(141,'Voluptas aliquam et et unde est ipsam sunt quia.','Aut dolorem commodi et voluptas nesciunt. Ipsam nam et saepe molestiae distinctio perferendis alias. Voluptate qui vero porro.','2020-07-13 18:59:14','2020-07-13 18:59:14'),(142,'Est doloribus et accusamus id quis natus.','Quibusdam ratione delectus et non aperiam omnis sequi. Perferendis suscipit sit id. Ipsa rerum quia tenetur accusamus alias rerum ut quae. Sunt quam qui sapiente quidem.','2020-07-13 18:59:14','2020-07-13 18:59:14'),(143,'Quis ad necessitatibus dolore est.','Qui sint enim aut repudiandae facilis tempore. Aut sit excepturi velit ad. Qui voluptatem quas voluptatem dolorem et voluptatem ex. Labore deserunt et dolorem et ratione omnis.','2020-07-13 18:59:14','2020-07-13 18:59:14'),(144,'Et ratione ea quam qui itaque.','At neque ut ex. Consectetur vero molestiae magni nemo odio quia dicta. Quia maxime rem molestiae dolorem ut inventore. Minus culpa maiores rerum sunt excepturi molestiae voluptates.','2020-07-13 18:59:14','2020-07-13 18:59:14'),(145,'Et eum ratione voluptatem commodi quia.','Ipsa iure tempore quia. Velit nemo neque illum ut officia. Doloremque aut incidunt optio et omnis doloremque quod.','2020-07-13 18:59:14','2020-07-13 18:59:14'),(146,'Autem libero fugiat dicta ut quia incidunt.','Consequuntur aliquam vero fugit voluptas odio ipsum. Odit voluptatem fugiat repellat. Quasi aut vero reprehenderit est cupiditate alias.','2020-07-13 18:59:14','2020-07-13 18:59:14'),(147,'Similique et et culpa suscipit rerum eos.','Sit esse perspiciatis enim autem autem. Atque qui excepturi a facere voluptas. Laborum ut rem perspiciatis odit consequatur et facilis odit.','2020-07-13 18:59:14','2020-07-13 18:59:14'),(148,'Amet ex eaque eligendi est facilis iusto iste.','Maiores eligendi non ipsa ipsa. Omnis distinctio aut non culpa. In non explicabo et repellendus. Qui enim facilis consequatur et ea nemo consequatur.','2020-07-13 18:59:14','2020-07-13 18:59:14'),(149,'Quisquam cum inventore eius.','Nihil sint tenetur voluptas expedita consequuntur. Officiis repellat voluptatum tempora aut commodi voluptas. Quas necessitatibus nisi qui.','2020-07-13 18:59:14','2020-07-13 18:59:14'),(150,'Quidem qui est nihil adipisci aspernatur omnis.','Est eos nam enim vel. Ut aliquid sed dolores accusantium nesciunt. Molestiae eligendi ab cum aliquam.','2020-07-13 18:59:14','2020-07-13 18:59:14'),(151,'Enim tempore dolore eaque sunt numquam minus est.','Laudantium delectus vitae quia adipisci mollitia aut. Ab enim omnis asperiores quis. Dolorem tenetur iure amet illum rerum fugit libero occaecati.','2020-07-13 18:59:14','2020-07-13 18:59:14');

#
# Structure for table "migrations"
#

DROP TABLE IF EXISTS `migrations`;
CREATE TABLE `migrations` (
  `id` int(10) unsigned NOT NULL AUTO_INCREMENT,
  `migration` varchar(191) COLLATE utf8mb4_unicode_ci NOT NULL,
  `batch` int(11) NOT NULL,
  PRIMARY KEY (`id`)
) ENGINE=InnoDB AUTO_INCREMENT=6 DEFAULT CHARSET=utf8mb4 COLLATE=utf8mb4_unicode_ci;

#
# Data for table "migrations"
#

INSERT INTO `migrations` VALUES (1,'2014_10_12_000000_create_users_table',1),(2,'2014_10_12_100000_create_password_resets_table',1),(3,'2020_07_10_125446_create_articles_table',1),(4,'2020_07_12_162025_create_products_table',2),(5,'2020_07_12_162111_create_reviews_table',3);

#
# Structure for table "password_resets"
#

DROP TABLE IF EXISTS `password_resets`;
CREATE TABLE `password_resets` (
  `email` varchar(191) COLLATE utf8mb4_unicode_ci NOT NULL,
  `token` varchar(191) COLLATE utf8mb4_unicode_ci NOT NULL,
  `created_at` timestamp NULL DEFAULT NULL,
  KEY `password_resets_email_index` (`email`)
) ENGINE=InnoDB DEFAULT CHARSET=utf8mb4 COLLATE=utf8mb4_unicode_ci;

#
# Data for table "password_resets"
#


#
# Structure for table "products"
#

DROP TABLE IF EXISTS `products`;
CREATE TABLE `products` (
  `id` int(10) unsigned NOT NULL AUTO_INCREMENT,
  `name` varchar(191) COLLATE utf8mb4_unicode_ci NOT NULL,
  `details` text COLLATE utf8mb4_unicode_ci NOT NULL,
  `price` int(11) NOT NULL,
  `stock` int(11) NOT NULL,
  `discount` int(11) NOT NULL,
  `created_at` timestamp NULL DEFAULT NULL,
  `updated_at` timestamp NULL DEFAULT NULL,
  PRIMARY KEY (`id`)
) ENGINE=InnoDB AUTO_INCREMENT=151 DEFAULT CHARSET=utf8mb4 COLLATE=utf8mb4_unicode_ci;

#
# Data for table "products"
#

INSERT INTO `products` VALUES (1,'vero','Et velit ut voluptatem voluptas. Inventore necessitatibus quod et saepe. Voluptatibus similique aliquam aut atque eligendi distinctio magnam enim.',901,0,3,'2020-07-13 18:56:09','2020-07-13 18:56:09'),(2,'dicta','Sunt corrupti quia reprehenderit sed officiis. Ut fugiat et in. Quos dolor voluptate ut maxime provident. Nulla fuga numquam quo temporibus hic.',443,8,12,'2020-07-13 18:56:09','2020-07-13 18:56:09'),(3,'aut','Deserunt quisquam culpa ut nihil laboriosam maiores. Quidem aliquam a minus cupiditate eum sunt quia. Ipsum rerum possimus nobis voluptatum et officiis. Ab alias dicta praesentium sapiente eum.',810,2,2,'2020-07-13 18:56:09','2020-07-13 18:56:09'),(4,'quo','Maiores eligendi labore ab molestiae eaque eum sunt voluptatem. Delectus tempore molestiae maiores id ducimus voluptate. Architecto fugit cumque dolor nam.',331,8,20,'2020-07-13 18:56:09','2020-07-13 18:56:09'),(5,'error','Est impedit amet aut aperiam sapiente possimus. Dolor maiores expedita accusantium fugit commodi cumque. Eos ipsam aliquam voluptatem fugiat repellendus.',872,8,19,'2020-07-13 18:56:09','2020-07-13 18:56:09'),(6,'eum','Dolorem molestias ab dolorem error aperiam. Asperiores accusantium quidem vel officia enim aspernatur dignissimos. Nesciunt porro nobis voluptatem dolorem sint.',129,2,12,'2020-07-13 18:56:09','2020-07-13 18:56:09'),(7,'non','Incidunt deserunt non enim consequatur eos esse. Ut ratione non quia. Tempora quia laborum ut velit illo reprehenderit maxime. Ducimus commodi sit dicta quas molestiae.',571,8,21,'2020-07-13 18:56:09','2020-07-13 18:56:09'),(8,'assumenda','Necessitatibus et quibusdam eum ad aspernatur id. Id sit architecto eaque eos cumque exercitationem consequatur sed.',150,7,8,'2020-07-13 18:56:09','2020-07-13 18:56:09'),(9,'voluptas','Asperiores saepe ut sed enim ratione at. Ipsa et nesciunt quia qui eos libero consectetur. Aut accusamus quam aut illo porro.',544,6,13,'2020-07-13 18:56:09','2020-07-13 18:56:09'),(10,'architecto','Possimus rerum inventore qui ut eveniet dolor. Distinctio quas quibusdam velit porro nesciunt quo. Voluptas non eaque unde sint omnis sequi. Voluptatem placeat nemo nemo est dolores.',716,8,27,'2020-07-13 18:56:09','2020-07-13 18:56:09'),(11,'consequatur','Aut dolores accusantium molestiae nihil culpa. Nobis porro quis corrupti eius eum. Illo exercitationem aliquid nesciunt distinctio omnis illo. Reprehenderit facere architecto qui exercitationem magni.',860,6,27,'2020-07-13 18:56:09','2020-07-13 18:56:09'),(12,'laboriosam','Nam in recusandae officia ut velit non beatae. Vel et ut nesciunt dolorum consectetur qui ipsam. Eaque similique et assumenda.',943,3,15,'2020-07-13 18:56:09','2020-07-13 18:56:09'),(13,'molestiae','Voluptatibus labore sint vel quis sint. Eveniet cum tenetur voluptas accusamus nihil.',861,2,24,'2020-07-13 18:56:09','2020-07-13 18:56:09'),(14,'quod','Rem iste dolor accusantium animi. Placeat numquam dolores quae aut neque est adipisci. Sequi maxime voluptatem ut et ut quos voluptas.',424,9,15,'2020-07-13 18:56:09','2020-07-13 18:56:09'),(15,'recusandae','Aut sint ratione nam et cupiditate. Tenetur aut optio quae pariatur recusandae consequatur facilis. Natus nemo repellendus non quo suscipit omnis. Ipsam nesciunt deserunt quis voluptas corrupti autem quia similique.',188,1,11,'2020-07-13 18:56:09','2020-07-13 18:56:09'),(16,'sit','Minus est earum iure. Sed quo cupiditate quis et sunt tenetur. Sint ut aliquid exercitationem aut nemo cumque unde aut. Unde inventore dolores voluptatem aliquam tenetur accusantium.',959,3,3,'2020-07-13 18:56:09','2020-07-13 18:56:09'),(17,'ex','Iste dolore et sunt deserunt ea error sit. Assumenda delectus et qui accusantium qui corrupti.',543,7,18,'2020-07-13 18:56:09','2020-07-13 18:56:09'),(18,'vero','Non eum quia modi ab. Hic sed quis doloribus veritatis reiciendis qui eaque. Et non quae aliquid nemo suscipit adipisci unde. Quidem voluptatibus sunt aut aut.',342,0,6,'2020-07-13 18:56:09','2020-07-13 18:56:09'),(19,'repudiandae','Sequi modi libero dolores. Molestiae consequuntur quia eum quae dolorum corrupti.',674,3,7,'2020-07-13 18:56:09','2020-07-13 18:56:09'),(20,'consectetur','Omnis totam animi dolor quia. Cupiditate inventore ratione aut dolores error vitae. Ea dolore unde quia necessitatibus sint aspernatur nam.',895,6,25,'2020-07-13 18:56:09','2020-07-13 18:56:09'),(21,'nam','Enim dignissimos ea eos. Et labore eius voluptates voluptatem. Itaque dicta ipsam repudiandae ea et. Voluptatem nam nulla dolorem aspernatur quo excepturi. Nihil quia deleniti rerum enim perspiciatis culpa.',949,2,26,'2020-07-13 18:56:09','2020-07-13 18:56:09'),(22,'ut','Enim atque nostrum et facere omnis distinctio. Sit qui illum non repellat.',266,4,28,'2020-07-13 18:56:09','2020-07-13 18:56:09'),(23,'inventore','At qui quisquam ullam corporis quia. Corrupti consectetur voluptatem tempore laboriosam ut quia autem. In nulla magni a sed.',916,2,12,'2020-07-13 18:56:09','2020-07-13 18:56:09'),(24,'amet','Animi et occaecati tenetur. Deserunt ipsa quo quisquam. Doloremque voluptatem aliquam voluptas reprehenderit. Et est optio est ut eaque ut ipsam exercitationem.',524,8,3,'2020-07-13 18:56:09','2020-07-13 18:56:09'),(25,'dolores','Deserunt dolor ut consectetur molestiae vitae similique nostrum. Exercitationem qui odit sapiente similique dolor iure. Nihil sed aut quo ipsum. Ut excepturi nulla illo debitis veniam tempora quaerat ex. Doloremque perspiciatis et ratione id aliquid cupiditate aperiam.',583,4,15,'2020-07-13 18:56:09','2020-07-13 18:56:09'),(26,'nesciunt','Facere laborum ut mollitia aut adipisci perferendis et id. Odit veritatis qui non.',349,1,6,'2020-07-13 18:56:09','2020-07-13 18:56:09'),(27,'suscipit','Cupiditate sapiente quia vel voluptate quia ratione. Numquam ut et reiciendis natus ut similique suscipit. Perspiciatis sit maiores eius in sunt mollitia.',168,5,2,'2020-07-13 18:56:09','2020-07-13 18:56:09'),(28,'sed','Debitis ut quas dolorum facilis. Incidunt at totam dolores fugiat possimus qui. Eius quo dicta est dicta soluta et aliquam omnis. Molestias voluptas vel dicta culpa quis culpa.',191,4,6,'2020-07-13 18:56:09','2020-07-13 18:56:09'),(29,'neque','Corrupti nemo soluta voluptatem odit et porro eos ut. Tempora reiciendis cumque consequuntur non. Eos ut vel voluptatem vitae. Sed fugit et eum est.',664,3,24,'2020-07-13 18:56:09','2020-07-13 18:56:09'),(30,'dolorem','Et laudantium eveniet aut dolore voluptas. Dolorem autem odio recusandae et ad possimus vero. Repellendus voluptatem voluptas rerum. Fugiat ex dolorum eveniet libero dolorem.',650,6,25,'2020-07-13 18:56:09','2020-07-13 18:56:09'),(31,'iure','Dolores non cumque non fugit quasi reiciendis consectetur similique. Laudantium sed qui voluptas ut nisi suscipit repellat eaque.',243,0,30,'2020-07-13 18:56:09','2020-07-13 18:56:09'),(32,'voluptas','Dicta voluptatem repellat sed neque et. Natus facilis aut rerum eos. Et aut animi est est omnis. Magnam natus tempore dolorem quibusdam magnam.',918,3,30,'2020-07-13 18:56:09','2020-07-13 18:56:09'),(33,'nihil','Vel aliquid harum deleniti reprehenderit tempore quia. Laborum quisquam dolorem aut eaque occaecati voluptatibus. Numquam consectetur exercitationem non iusto voluptatem praesentium odio.',434,4,30,'2020-07-13 18:56:09','2020-07-13 18:56:09'),(34,'quod','Eaque distinctio maiores provident odit ipsa eveniet. Labore qui laborum vel architecto harum sit. Voluptate sit nisi excepturi ut ullam dolor. Sit qui aut et deserunt nemo.',540,1,5,'2020-07-13 18:56:09','2020-07-13 18:56:09'),(35,'voluptate','Sit eos enim fugit dolores quisquam. Veritatis magni amet voluptas. Quam autem et fugiat qui. Inventore quia dignissimos odit hic repellendus nam maxime.',765,2,2,'2020-07-13 18:56:09','2020-07-13 18:56:09'),(36,'corrupti','Dolores corporis qui aut cupiditate. Vel quas accusantium excepturi et modi explicabo. Velit doloremque omnis sint non fugit laudantium nam dolores.',429,6,15,'2020-07-13 18:56:09','2020-07-13 18:56:09'),(37,'dolore','Minima tempore explicabo aut repellat. Ut voluptatibus dolorem pariatur earum. Enim quidem excepturi sunt aperiam quisquam delectus.',216,5,30,'2020-07-13 18:56:09','2020-07-13 18:56:09'),(38,'maxime','Quia voluptatibus non earum sed. Temporibus accusantium atque blanditiis ipsam voluptate ea eveniet. Maiores in molestiae sit.',590,8,15,'2020-07-13 18:56:09','2020-07-13 18:56:09'),(39,'et','Nisi voluptates minima cupiditate eos. Qui excepturi quia dolor excepturi voluptas. Enim rem vel consequatur. Inventore quia voluptatem tempora in.',213,4,3,'2020-07-13 18:56:09','2020-07-13 18:56:09'),(40,'maxime','Voluptates itaque quia necessitatibus dolore at iste sed. Vel eius aut asperiores omnis eum blanditiis. Maiores quasi ratione aut corporis quibusdam explicabo rerum.',400,7,27,'2020-07-13 18:56:09','2020-07-13 18:56:09'),(41,'itaque','Debitis dolor eos earum voluptate dolorum. Error magni tempore qui quae illo voluptas. Molestiae aut corrupti architecto nesciunt. Recusandae corrupti totam libero exercitationem asperiores eligendi necessitatibus.',927,5,23,'2020-07-13 18:56:09','2020-07-13 18:56:09'),(42,'nihil','Enim sint libero perferendis earum numquam exercitationem ipsam consequuntur. Neque dignissimos facilis est asperiores eius et qui. Voluptas molestiae itaque et recusandae voluptas et illo.',697,1,11,'2020-07-13 18:56:09','2020-07-13 18:56:09'),(43,'itaque','Deserunt id temporibus ducimus eum minus quia. Vel est dolorem occaecati quasi facere non. Suscipit quibusdam eum illum consequatur et odio ipsa. Provident impedit asperiores quia maiores blanditiis.',576,5,3,'2020-07-13 18:56:09','2020-07-13 18:56:09'),(44,'ullam','Et recusandae in illum. Officia autem similique sunt a reiciendis explicabo et. Officia illo enim et molestiae.',890,4,13,'2020-07-13 18:56:09','2020-07-13 18:56:09'),(45,'nihil','Sed assumenda repellendus accusamus ullam enim eum qui. Aut consequatur ullam laboriosam. Ducimus qui vel consequatur cum rerum soluta.',539,5,6,'2020-07-13 18:56:09','2020-07-13 18:56:09'),(46,'velit','Asperiores magni natus est eligendi. Ipsam ipsam corporis voluptate officiis. Itaque numquam quia maiores eos. Qui error perferendis rerum maxime qui libero saepe.',565,6,4,'2020-07-13 18:56:09','2020-07-13 18:56:09'),(47,'blanditiis','Excepturi ea et iure voluptas rerum dolorum eum. Consequuntur asperiores expedita id in saepe. Ratione fugiat omnis nisi ea provident esse. Non saepe dolores delectus ratione esse.',152,0,2,'2020-07-13 18:56:09','2020-07-13 18:56:09'),(48,'blanditiis','Sed dicta et et id perferendis et exercitationem ab. Ab sed amet omnis voluptatem omnis. Laborum consequatur omnis voluptas omnis in. Sit voluptates quis excepturi temporibus maiores.',289,1,21,'2020-07-13 18:56:09','2020-07-13 18:56:09'),(49,'nihil','Ex blanditiis autem libero omnis architecto quis. Soluta et quasi eos natus deserunt magni. Perspiciatis praesentium tempora culpa nihil ea expedita aut quia.',340,1,27,'2020-07-13 18:56:09','2020-07-13 18:56:09'),(50,'molestiae','Sit consequatur id natus et sapiente quod. Omnis et eligendi ut et quisquam in. Voluptas rerum et repudiandae soluta minima ut tempore dolor. Ducimus voluptas rerum qui est voluptatibus.',146,2,13,'2020-07-13 18:56:09','2020-07-13 18:56:09'),(51,'vel','Autem labore fuga ipsum in temporibus nemo eligendi. Eum blanditiis ut nemo non architecto vitae voluptatem. Ut consequatur earum necessitatibus et totam. Tempora qui ut hic minus facere laudantium expedita.',572,2,17,'2020-07-13 18:58:24','2020-07-13 18:58:24'),(52,'explicabo','Sequi impedit doloribus odit magnam rerum. Dolores sint commodi quae quas non facilis qui. Et sequi et quia dolor et repellendus. Iusto voluptate porro iste nesciunt aut esse. Sequi dolorem est architecto perferendis.',290,2,4,'2020-07-13 18:58:24','2020-07-13 18:58:24'),(53,'unde','Ipsum aut quis quis sed. Ut illo sed natus. Ut tempore ducimus dolorem animi architecto.',446,5,10,'2020-07-13 18:58:24','2020-07-13 18:58:24'),(54,'labore','Error tempora non accusantium sed qui beatae incidunt. Natus ex temporibus tempora provident. Animi dolorum dignissimos similique.',906,8,9,'2020-07-13 18:58:24','2020-07-13 18:58:24'),(55,'dolores','Et est veritatis rerum quia. Quam culpa sint earum. Inventore repellat ut voluptas dignissimos laborum numquam eum est. Aperiam velit dolorem a dolorem debitis.',904,4,10,'2020-07-13 18:58:24','2020-07-13 18:58:24'),(56,'ex','Quia et molestias omnis quis iusto sit aut fuga. Laboriosam dolor quia explicabo magnam commodi cupiditate amet dicta.',498,1,3,'2020-07-13 18:58:24','2020-07-13 18:58:24'),(57,'dolore','Exercitationem aut commodi omnis. Alias nihil rerum eius quae maxime sunt. Necessitatibus possimus dicta dignissimos minima sint. Cumque quia id ut sit voluptates ea dolor iste.',914,5,15,'2020-07-13 18:58:24','2020-07-13 18:58:24'),(58,'quasi','Doloribus ratione aut iusto voluptate distinctio culpa. Quo possimus quibusdam sunt commodi non. Et ad sit distinctio suscipit accusantium laboriosam.',908,7,11,'2020-07-13 18:58:24','2020-07-13 18:58:24'),(59,'iusto','Cupiditate enim molestiae totam dolorem qui dolor. Eveniet et et omnis mollitia est provident. Quos natus similique iste minima est vitae. Eum at atque consequuntur. Iste quod dignissimos delectus eveniet et nulla.',293,3,27,'2020-07-13 18:58:24','2020-07-13 18:58:24'),(60,'quod','In ut fugit vitae voluptatem odit rerum dolorum. Harum eligendi et nulla aperiam est in ut. Et ea eos ducimus velit aut.',917,2,29,'2020-07-13 18:58:24','2020-07-13 18:58:24'),(61,'illo','Sit est animi qui laudantium ea neque quis. Animi ullam quia qui id recusandae et vero. Laudantium qui rerum doloribus asperiores.',126,1,23,'2020-07-13 18:58:24','2020-07-13 18:58:24'),(62,'eius','Ea aut architecto vero blanditiis. Quo provident ab ut eum et harum ea. Sint quia cupiditate et molestiae debitis iste. Est excepturi aut sint aut esse repellat.',634,8,29,'2020-07-13 18:58:24','2020-07-13 18:58:24'),(63,'repellendus','Voluptatem error quia voluptatem magni necessitatibus velit. Exercitationem maxime odio impedit at. Aut consectetur soluta amet omnis est et. Molestias commodi non qui et et.',110,1,13,'2020-07-13 18:58:24','2020-07-13 18:58:24'),(64,'laudantium','Et ut ut tempora nobis. Totam sit autem labore. Aut quasi nam odio. Ut molestias sint velit suscipit autem quae amet.',644,1,8,'2020-07-13 18:58:24','2020-07-13 18:58:24'),(65,'ea','Molestiae molestias consequatur in facilis. Dolorem et ex quod molestias et et. Voluptatem earum impedit reiciendis aut id. Exercitationem et voluptatem quo dolorem et.',620,2,21,'2020-07-13 18:58:24','2020-07-13 18:58:24'),(66,'tenetur','Nam aperiam dolorem qui enim vel illo. Accusamus nulla omnis enim voluptatem corrupti sint voluptatum. Itaque reiciendis sed laudantium et repellat sunt molestiae consequatur.',149,1,14,'2020-07-13 18:58:24','2020-07-13 18:58:24'),(67,'ut','Est eligendi qui sed facere perferendis mollitia consequatur. Aut occaecati laboriosam iste eius quibusdam voluptatem. Esse facilis esse qui assumenda ratione atque nostrum.',891,0,4,'2020-07-13 18:58:24','2020-07-13 18:58:24'),(68,'ut','At maxime cupiditate vel nesciunt veniam saepe laboriosam ipsum. Dolor et laudantium enim qui similique illo quasi. Maiores voluptatum id laudantium aut ipsam.',407,8,14,'2020-07-13 18:58:24','2020-07-13 18:58:24'),(69,'quis','Enim ipsa esse hic magni dolorem beatae similique. Reprehenderit sunt praesentium maxime eligendi quia aut est. At quia necessitatibus illo nisi officiis ipsam quia.',232,8,12,'2020-07-13 18:58:24','2020-07-13 18:58:24'),(70,'saepe','Et ea sunt reprehenderit autem veniam quas dolorem. Dolorem odit necessitatibus est quidem repudiandae quo fuga. Iure beatae molestiae nisi dicta.',171,8,19,'2020-07-13 18:58:24','2020-07-13 18:58:24'),(71,'in','Dolores incidunt aut fuga totam sit et sed. Voluptatum aut dolor quod quidem soluta. Iste delectus quia est placeat illum qui. Ipsam tempore eius laboriosam qui.',529,9,2,'2020-07-13 18:58:24','2020-07-13 18:58:24'),(72,'iusto','Beatae sed et at quos iste quia et est. Dolorem omnis et eius. Consequatur consectetur aut dolorum quam sunt quibusdam impedit. Fugiat quibusdam maxime qui incidunt deleniti.',530,8,27,'2020-07-13 18:58:24','2020-07-13 18:58:24'),(73,'est','Et beatae et non quia facilis praesentium iure. Quasi voluptas voluptas quo omnis dicta eius facilis totam. Facilis numquam ullam mollitia occaecati cumque minima. Eum dolorem veniam libero aut.',149,2,14,'2020-07-13 18:58:24','2020-07-13 18:58:24'),(74,'voluptas','Dolores aut magnam beatae molestias aut dolores voluptatem. Neque eos est enim aut et asperiores reiciendis. Quisquam et nostrum et. Explicabo quidem quod maxime qui autem aperiam eligendi.',746,5,20,'2020-07-13 18:58:24','2020-07-13 18:58:24'),(75,'repellat','Qui sit sint quo pariatur omnis corrupti rerum blanditiis. Odit vel in omnis corporis. Similique ad accusamus laboriosam magnam. Saepe dolores sit nihil doloribus tempore.',120,7,26,'2020-07-13 18:58:24','2020-07-13 18:58:24'),(76,'aut','Voluptatem ipsam blanditiis at numquam eveniet id ratione. Esse excepturi quis aut error. Consequatur explicabo impedit voluptatem rerum est expedita ipsa. Fuga sint consequatur dicta voluptatum qui ut.',654,5,23,'2020-07-13 18:58:24','2020-07-13 18:58:24'),(77,'et','Deleniti quibusdam adipisci voluptas voluptas quia qui autem excepturi. Est quam architecto non illum molestias sed harum. Sint laborum laboriosam et. Itaque quo commodi est qui distinctio.',807,9,30,'2020-07-13 18:58:24','2020-07-13 18:58:24'),(78,'et','Iusto architecto corrupti accusamus modi aut. Maiores non qui sit. Ea autem inventore consectetur qui vero ut qui.',551,9,16,'2020-07-13 18:58:24','2020-07-13 18:58:24'),(79,'earum','Iste repellat natus et totam et ullam. Dolor nihil fugiat quibusdam ut maiores placeat magnam. Culpa enim voluptatem modi voluptatem.',145,4,13,'2020-07-13 18:58:24','2020-07-13 18:58:24'),(80,'soluta','Dolorem beatae libero impedit rerum quidem. Aliquam nostrum sit saepe et. Voluptate at harum fugiat.',545,5,19,'2020-07-13 18:58:24','2020-07-13 18:58:24'),(81,'necessitatibus','Adipisci quisquam voluptatibus modi iure possimus numquam. Et itaque officia voluptatem minus id. Et enim est sed.',834,6,19,'2020-07-13 18:58:24','2020-07-13 18:58:24'),(82,'voluptas','Unde sint libero quia ut. Laboriosam molestias dolores sed aut atque sit. Aut magnam dolor quia molestias.',807,1,12,'2020-07-13 18:58:24','2020-07-13 18:58:24'),(83,'error','Nihil natus ut ea nesciunt placeat facilis aperiam ipsum. Numquam fuga adipisci dignissimos doloremque. Delectus nam delectus placeat exercitationem. Praesentium eveniet dolorum nisi.',867,2,21,'2020-07-13 18:58:24','2020-07-13 18:58:24'),(84,'voluptas','Non error harum ut in. Consequatur esse hic corrupti voluptatem sit ut quis id. Fugiat sint et autem. Inventore amet ad est consequatur quos iste rerum. Accusamus eaque nulla neque.',732,0,21,'2020-07-13 18:58:24','2020-07-13 18:58:24'),(85,'ipsa','Deleniti ex magnam in eius et. Odit neque vel earum facilis commodi. Reprehenderit modi ut amet deserunt officia voluptates. Labore ipsum et officiis omnis.',525,3,14,'2020-07-13 18:58:24','2020-07-13 18:58:24'),(86,'pariatur','Dolorum explicabo quae enim ea tempore perspiciatis. Nihil non quisquam mollitia non ut. Et optio eum omnis sint ut voluptatem et. Ut quidem quae ut repellendus quasi assumenda.',476,6,30,'2020-07-13 18:58:24','2020-07-13 18:58:24'),(87,'est','Doloremque et molestiae quae incidunt in. Cum quisquam enim vitae dolorem aut cupiditate consequatur. Maxime adipisci et cupiditate iusto saepe aspernatur velit. Praesentium quasi qui voluptatem animi ut est aspernatur.',461,2,29,'2020-07-13 18:58:24','2020-07-13 18:58:24'),(88,'est','Assumenda aut illo eligendi veniam quis laudantium. Officiis modi corrupti inventore aut. Qui impedit praesentium quia fugit dolorem sed vitae. Et consectetur harum quis.',622,7,26,'2020-07-13 18:58:24','2020-07-13 18:58:24'),(89,'eaque','Iure aut ratione quidem alias nemo sit occaecati. Maiores quidem amet veniam itaque et et ex. Rem neque reprehenderit et est dolorum quos. Nemo vel tempore occaecati id iusto ducimus nihil.',288,8,27,'2020-07-13 18:58:24','2020-07-13 18:58:24'),(90,'quaerat','Qui culpa odio cumque nemo ipsum natus nihil nesciunt. Et quae consectetur recusandae eius facilis ut minus et. Quibusdam dolor nobis ut sequi sint aut.',240,0,11,'2020-07-13 18:58:24','2020-07-13 18:58:24'),(91,'incidunt','Et deleniti dolorem dolorem labore. Distinctio aut officiis est quae saepe. Officiis ut expedita vel eveniet sapiente totam. Vel odio praesentium iste atque quia pariatur quisquam.',629,7,24,'2020-07-13 18:58:24','2020-07-13 18:58:24'),(92,'rerum','Facere voluptatem ut quia expedita aspernatur et distinctio. Exercitationem ut ducimus error. Voluptatem odit sed quidem optio voluptatibus qui voluptatem.',136,1,12,'2020-07-13 18:58:24','2020-07-13 18:58:24'),(93,'quos','Et numquam nihil molestiae illo. Voluptatem voluptatem beatae officiis. Nesciunt voluptas occaecati et.',609,8,17,'2020-07-13 18:58:24','2020-07-13 18:58:24'),(94,'suscipit','Magni odio aspernatur dolorem ab nisi ut reiciendis eaque. Quia blanditiis et voluptatibus et. Porro repellat laborum consequatur quo commodi id commodi. Ea maxime minima qui eaque deserunt dolor sed.',901,3,28,'2020-07-13 18:58:24','2020-07-13 18:58:24'),(95,'molestiae','Dolores asperiores facilis consequatur et sapiente natus. Sunt quo error et unde sit nihil cupiditate. Nihil beatae eius minima praesentium officiis eveniet. Soluta dolores aliquam ut.',957,4,9,'2020-07-13 18:58:24','2020-07-13 18:58:24'),(96,'occaecati','Omnis similique quibusdam vel esse reiciendis. Cupiditate voluptas occaecati quasi corporis est error porro autem. Qui tenetur perferendis eos qui qui illum eum.',536,4,7,'2020-07-13 18:58:24','2020-07-13 18:58:24'),(97,'ut','Aut ut quia quibusdam. Cum impedit quia est hic aut et necessitatibus minima. Beatae voluptas accusantium debitis autem at est.',621,8,30,'2020-07-13 18:58:24','2020-07-13 18:58:24'),(98,'quod','Impedit deserunt sed et. Quod sunt aperiam corporis adipisci ea laboriosam nihil. Est qui repellat voluptas error cumque ea illum laboriosam. Quos ullam id cumque doloremque adipisci nemo.',925,3,15,'2020-07-13 18:58:24','2020-07-13 18:58:24'),(99,'sunt','Qui doloribus molestiae sunt velit id ipsam. Voluptatem autem similique non aut aut eveniet repudiandae. Ea aliquam necessitatibus alias ut labore mollitia nihil.',672,4,20,'2020-07-13 18:58:24','2020-07-13 18:58:24'),(100,'ad','Et quibusdam sit qui incidunt. Corporis ut a nulla qui repudiandae aut eos. Eos maxime quod et dolores sunt.',675,8,21,'2020-07-13 18:58:24','2020-07-13 18:58:24'),(101,'et','Magni perferendis vel est aut sed. Similique debitis qui voluptatem soluta. Aut veritatis eum animi saepe velit omnis. Ratione est dolorem qui assumenda.',906,1,26,'2020-07-13 18:59:14','2020-07-13 18:59:14'),(102,'neque','Aperiam aut dolor laudantium quod dolorem consequatur minus. Qui quis architecto possimus maxime et id. Nesciunt velit ad molestiae voluptatibus dolores qui ratione. Perferendis mollitia illum incidunt itaque a dolor. Provident nihil quia iusto esse reprehenderit.',926,5,9,'2020-07-13 18:59:14','2020-07-13 18:59:14'),(103,'animi','Accusamus ab velit reiciendis facilis. Nisi possimus eos temporibus delectus.',167,0,8,'2020-07-13 18:59:14','2020-07-13 18:59:14'),(104,'quos','Hic laborum aut quod quia dolore ipsum. Porro repellat odit tempora aut qui ut.',746,1,3,'2020-07-13 18:59:14','2020-07-13 18:59:14'),(105,'veritatis','Dicta laboriosam omnis aut et aut sed voluptatem. Impedit maxime nihil quia. Minus voluptatum consectetur qui sapiente. Veniam omnis amet quibusdam delectus et at.',835,7,3,'2020-07-13 18:59:14','2020-07-13 18:59:14'),(106,'similique','Quia enim autem fugit facilis. Quasi et beatae dolorum voluptas est.',649,6,23,'2020-07-13 18:59:14','2020-07-13 18:59:14'),(107,'et','Velit minus quidem minus adipisci praesentium assumenda. Voluptas omnis suscipit molestiae. Sit cumque quia mollitia sit voluptatem qui consequatur. Animi nemo quia consequuntur dolor reiciendis.',965,5,26,'2020-07-13 18:59:14','2020-07-13 18:59:14'),(108,'deleniti','Iure quo eos et est. Necessitatibus iste et animi tempore recusandae et. Provident delectus quas recusandae amet excepturi assumenda.',548,8,22,'2020-07-13 18:59:14','2020-07-13 18:59:14'),(109,'fuga','A omnis incidunt assumenda harum adipisci perferendis dolores. Et est consequatur tempora corrupti. Sed ipsa culpa et accusantium est molestias vitae.',384,8,27,'2020-07-13 18:59:14','2020-07-13 18:59:14'),(110,'ducimus','Maiores distinctio nihil occaecati eos sapiente incidunt molestiae. Praesentium id incidunt inventore et aut rerum. Nihil non debitis nihil perspiciatis cumque. Eum rem iste rerum repellendus non.',351,8,3,'2020-07-13 18:59:14','2020-07-13 18:59:14'),(111,'dolorem','Repudiandae mollitia quidem quas cupiditate necessitatibus consectetur rerum. Fuga nam mollitia eveniet beatae. Aliquam non pariatur et similique est. Dolores nam similique totam.',890,8,4,'2020-07-13 18:59:14','2020-07-13 18:59:14'),(112,'maiores','Maxime facilis qui illo ducimus molestiae excepturi. Provident alias esse dolores enim id ex. Quam quisquam hic sit dolorum amet in. Ea necessitatibus amet rerum numquam ipsum.',287,2,18,'2020-07-13 18:59:14','2020-07-13 18:59:14'),(113,'eum','Laudantium quia magni architecto in iusto. Ipsa reprehenderit in reiciendis delectus ipsam corporis. Est et deserunt soluta explicabo eveniet magnam eligendi. Qui ex autem voluptate dolores reprehenderit animi.',710,5,5,'2020-07-13 18:59:14','2020-07-13 18:59:14'),(114,'sit','Porro sapiente molestias magnam veniam suscipit ipsum. Nesciunt eum accusamus optio vitae. Voluptas aut eaque veritatis tempora. Sint sunt qui reiciendis voluptatem dicta qui. Aspernatur similique magnam quis ut maxime ut sint.',539,9,9,'2020-07-13 18:59:14','2020-07-13 18:59:14'),(115,'facere','Rerum iste quia commodi nam in sunt. Assumenda ab iure quo necessitatibus accusamus. Veniam minus dolorem accusamus a.',549,4,28,'2020-07-13 18:59:14','2020-07-13 18:59:14'),(116,'quia','Quia numquam saepe qui ea dolorem sequi. Explicabo aut debitis est ullam. Eum ad repudiandae hic asperiores. Et et vel delectus aut saepe blanditiis et qui.',163,7,24,'2020-07-13 18:59:14','2020-07-13 18:59:14'),(117,'molestias','In maiores et et et ullam. Eos enim non ut. Nulla ipsam accusamus inventore rerum magni veritatis recusandae. Totam ut magnam voluptatem quos et ut.',401,5,24,'2020-07-13 18:59:14','2020-07-13 18:59:14'),(118,'sit','Laboriosam et aperiam et dolores. Voluptates doloremque id aliquid natus sit. Rerum cumque assumenda omnis ea et doloribus officiis. Est quo laboriosam voluptatem voluptatem.',225,6,14,'2020-07-13 18:59:14','2020-07-13 18:59:14'),(119,'reprehenderit','Ab nobis praesentium commodi soluta maiores. Aspernatur doloremque vitae modi cumque voluptate. Explicabo repudiandae provident voluptatem distinctio. Saepe esse qui rerum omnis dolor illum enim.',172,6,9,'2020-07-13 18:59:14','2020-07-13 18:59:14'),(120,'est','Amet et maxime soluta ratione atque et. Pariatur id esse magnam accusamus sit soluta officiis. Dolor id eveniet dolores eos ea est aut. Est nihil aliquid in est beatae vitae dolores quo. Ipsum omnis vel et est consequatur.',899,2,29,'2020-07-13 18:59:14','2020-07-13 18:59:14'),(121,'voluptatibus','Temporibus voluptas sit cum enim debitis. Unde nihil totam ea quis expedita. Itaque occaecati in sint labore quia consequatur. Quaerat fugit blanditiis non nemo explicabo mollitia.',455,4,20,'2020-07-13 18:59:14','2020-07-13 18:59:14'),(122,'voluptate','Commodi omnis magni atque vel quia molestiae ut odit. Rerum ut velit vel molestiae voluptate quisquam animi. Et qui ad quam sint voluptas fugit aliquam a. Ut omnis nihil dolore iste molestiae placeat enim.',531,8,16,'2020-07-13 18:59:14','2020-07-13 18:59:14'),(123,'nihil','Et qui id eveniet laboriosam dignissimos. Vitae hic consectetur aut quae. Ab eius qui rerum accusamus ipsum asperiores sit.',917,9,3,'2020-07-13 18:59:14','2020-07-13 18:59:14'),(124,'assumenda','Voluptate iusto soluta ut non nihil. Sed repudiandae saepe quisquam repellat reiciendis. Perferendis saepe ex ipsum ut numquam esse.',405,2,12,'2020-07-13 18:59:14','2020-07-13 18:59:14'),(125,'est','Minima deleniti ea praesentium aut. Et corrupti nemo id. Officiis dignissimos enim qui explicabo vero.',783,4,5,'2020-07-13 18:59:14','2020-07-13 18:59:14'),(126,'saepe','Quo reprehenderit non dicta adipisci. Consequuntur in et consequatur quae. Consequuntur quaerat dolorem quo ut at rem rerum autem. Animi quo ut tenetur inventore id et non.',859,1,14,'2020-07-13 18:59:14','2020-07-13 18:59:14'),(127,'repellat','Libero dolorem qui natus ut minus ex debitis. Possimus neque ratione dolorem assumenda reiciendis sit id. Ea in ad qui doloribus in ipsam tenetur.',742,2,11,'2020-07-13 18:59:14','2020-07-13 18:59:14'),(128,'non','Et eaque architecto deleniti fuga. Consequatur facere quo reprehenderit sint sunt omnis sit. Quibusdam deserunt non eius beatae. Incidunt voluptatem nisi est earum.',653,5,10,'2020-07-13 18:59:14','2020-07-13 18:59:14'),(129,'fuga','Quia aliquid occaecati sint minima iste deserunt ut. Minus recusandae repellat in quibusdam. Voluptatem ut odio autem.',143,3,30,'2020-07-13 18:59:14','2020-07-13 18:59:14'),(130,'nam','Laboriosam id necessitatibus rem placeat rerum rerum molestiae dolore. Ratione eius esse rerum itaque qui ut magni et. Molestiae aliquam ipsam eos et commodi sed. Est voluptatem ut tempore ex.',252,1,25,'2020-07-13 18:59:14','2020-07-13 18:59:14'),(131,'et','Eos fuga sed libero natus perferendis quo nobis. Iusto ut commodi omnis ipsum quibusdam. Incidunt hic doloribus natus enim enim nobis facilis temporibus. Saepe inventore ipsum enim ab laudantium.',910,8,13,'2020-07-13 18:59:14','2020-07-13 18:59:14'),(132,'quos','Et id laudantium culpa voluptatem quo recusandae omnis eum. Beatae iure recusandae nemo error quod. Sit fuga corporis aut quia corrupti. Nulla sit non quos mollitia eum quia alias. Quaerat reprehenderit quia quia dolorem quam et.',848,9,26,'2020-07-13 18:59:14','2020-07-13 18:59:14'),(133,'deleniti','Beatae modi accusantium tempore similique quia ipsum. Blanditiis repellendus sit at quaerat debitis. Est error aut sunt eum. Quidem facilis hic voluptate excepturi id.',961,0,18,'2020-07-13 18:59:14','2020-07-13 18:59:14'),(134,'voluptatem','In quo et repellat eaque ut. Impedit et illo quisquam in. Sint modi optio dicta eveniet. Aliquam rerum autem aliquid et numquam sit odio. Aperiam inventore voluptatum et veritatis et officia sed.',294,9,9,'2020-07-13 18:59:14','2020-07-13 18:59:14'),(135,'est','Ad autem et voluptatem occaecati aperiam. Tempora dicta rerum vel odio. Impedit nesciunt officia modi quia in placeat. Et quia voluptatem corrupti et reiciendis porro.',160,0,2,'2020-07-13 18:59:14','2020-07-13 18:59:14'),(136,'sed','Enim nesciunt rerum enim possimus cum. Aperiam et enim et distinctio omnis. Omnis ducimus vel cum autem. Magni voluptas velit ducimus ipsum illo et. Officiis est expedita pariatur eius.',799,3,30,'2020-07-13 18:59:14','2020-07-13 18:59:14'),(137,'harum','Quaerat magnam odio quis sunt voluptatem non atque. Accusamus veniam dolor est est commodi et totam. Vel quia occaecati odio reiciendis sapiente nobis.',685,0,8,'2020-07-13 18:59:14','2020-07-13 18:59:14'),(138,'quia','Voluptate voluptate ut molestiae dolores. Nemo et ipsa fuga eaque molestias alias. Itaque veritatis molestias eveniet unde saepe. Praesentium minima saepe inventore aperiam beatae enim.',873,9,7,'2020-07-13 18:59:14','2020-07-13 18:59:14'),(139,'dolor','Temporibus vel rerum debitis tempore in. Sint nobis expedita non totam. Commodi at magni qui et debitis ipsa. Fuga debitis quia repellat laboriosam et aliquid incidunt et.',357,5,15,'2020-07-13 18:59:14','2020-07-13 18:59:14'),(140,'ratione','Omnis aut nisi dolore omnis ex velit. Rerum optio repudiandae quibusdam.',834,0,18,'2020-07-13 18:59:14','2020-07-13 18:59:14'),(141,'officia','Dolores voluptates repellat culpa libero dolores nesciunt. Illum qui suscipit ad possimus. Nemo sed quis pariatur. Esse pariatur autem id tenetur dolorem.',192,2,10,'2020-07-13 18:59:14','2020-07-13 18:59:14'),(142,'debitis','Consequuntur est perferendis aut sed ut non cumque aut. Ea eius tenetur iusto ipsam fuga. Doloribus aliquam suscipit corrupti qui perspiciatis minus.',419,2,24,'2020-07-13 18:59:14','2020-07-13 18:59:14'),(143,'quaerat','Non corrupti similique temporibus consectetur similique est velit ea. Porro officiis suscipit ex omnis odio. Quis omnis quo dolorem natus nobis et occaecati. Assumenda hic minima assumenda labore ab.',618,4,25,'2020-07-13 18:59:14','2020-07-13 18:59:14'),(144,'hic','Voluptatem necessitatibus possimus accusantium quia nostrum necessitatibus aut. Et quia ducimus consequatur cum. Adipisci porro enim tempore explicabo maxime quo. Qui non pariatur aut occaecati voluptatem suscipit rerum deserunt.',570,6,4,'2020-07-13 18:59:14','2020-07-13 18:59:14'),(145,'reprehenderit','Unde iusto harum ipsum sed quam. Id fugit voluptas quia ut consequatur unde exercitationem ea. Praesentium saepe debitis cum saepe atque quo. Molestiae ex reprehenderit sed unde doloribus et maxime.',620,5,17,'2020-07-13 18:59:14','2020-07-13 18:59:14'),(146,'quia','Commodi qui voluptatem officiis. Qui assumenda deserunt praesentium architecto ut maiores cumque. Quia repellendus voluptatem laudantium.',354,9,12,'2020-07-13 18:59:14','2020-07-13 18:59:14'),(147,'ipsam','Rerum sapiente sequi est non. Porro atque consequatur voluptatem nostrum. Dolores perspiciatis est voluptates iusto deleniti.',545,6,16,'2020-07-13 18:59:14','2020-07-13 18:59:14'),(148,'sapiente','Esse nihil consequatur et vel libero similique. Exercitationem deleniti necessitatibus pariatur officiis possimus nostrum quos. Dolore voluptas sit est omnis cum dolorem mollitia et.',604,3,27,'2020-07-13 18:59:14','2020-07-13 18:59:14'),(149,'consequuntur','Tempora sed qui nulla repellendus sint quam. Ab esse cum et quis minima ex. Aut sed maiores deserunt vel.',207,4,4,'2020-07-13 18:59:14','2020-07-13 18:59:14'),(150,'omnis','Suscipit pariatur et consequuntur saepe et delectus. Recusandae omnis aut ut voluptatem occaecati reiciendis ducimus est. Ipsa iure sint ipsum magnam amet iure.',810,2,9,'2020-07-13 18:59:14','2020-07-13 18:59:14');

#
# Structure for table "reviews"
#

DROP TABLE IF EXISTS `reviews`;
CREATE TABLE `reviews` (
  `id` int(10) unsigned NOT NULL AUTO_INCREMENT,
  `product_id` int(10) unsigned NOT NULL,
  `customer` varchar(191) COLLATE utf8mb4_unicode_ci NOT NULL,
  `review` text COLLATE utf8mb4_unicode_ci NOT NULL,
  `star` int(11) NOT NULL,
  `created_at` timestamp NULL DEFAULT NULL,
  `updated_at` timestamp NULL DEFAULT NULL,
  PRIMARY KEY (`id`),
  KEY `reviews_product_id_index` (`product_id`),
  CONSTRAINT `reviews_product_id_foreign` FOREIGN KEY (`product_id`) REFERENCES `products` (`id`) ON DELETE CASCADE
) ENGINE=InnoDB AUTO_INCREMENT=301 DEFAULT CHARSET=utf8mb4 COLLATE=utf8mb4_unicode_ci;

#
# Data for table "reviews"
#

INSERT INTO `reviews` VALUES (1,78,'Rowan Deckow','Assumenda quod quas repudiandae quia nulla repellat. Est beatae odit consequatur commodi voluptatem. Pariatur fuga maxime cumque libero tempore est ipsa. Dolorem ut at error unde vel.',4,'2020-07-13 18:59:15','2020-07-13 18:59:15'),(2,28,'Miss Katlynn Nikolaus','Vitae et in distinctio quae voluptatum tempore expedita. Vero et iusto culpa fugit. Ullam voluptas qui doloremque pariatur aut sunt. Omnis et quae error. Earum similique laudantium ex ut aut ut sed.',0,'2020-07-13 18:59:15','2020-07-13 18:59:15'),(3,21,'Eve Bosco','Quia consequatur sunt quis vel voluptatem. Beatae sed nemo magnam esse. Consequatur sit quia perspiciatis rem aut dolorum dolores aut. Omnis molestiae blanditiis et eos eos tempore voluptas.',1,'2020-07-13 18:59:15','2020-07-13 18:59:15'),(4,100,'Crystel Hyatt','Recusandae sint quae laboriosam harum aliquam. Sequi est accusantium quidem. Numquam et voluptate ea magni quis. Sunt enim rerum necessitatibus et odit consequatur.',3,'2020-07-13 18:59:15','2020-07-13 18:59:15'),(5,35,'Liza Senger','Laboriosam est sint sint repellendus quo sequi qui. Ut omnis quaerat assumenda voluptatem architecto. Consequatur qui ea odit fuga. Consequatur fugit sit laborum amet beatae.',2,'2020-07-13 18:59:15','2020-07-13 18:59:15'),(6,80,'Alf Homenick','Deserunt fugiat aut vero aut repellat deserunt. Sapiente sit dolor qui nostrum iusto ex provident. Fugit reiciendis cupiditate vero nobis sed. Aut a quos omnis sed molestias similique excepturi.',2,'2020-07-13 18:59:15','2020-07-13 18:59:15'),(7,50,'Mr. Mose Feil','Unde veritatis ut similique nisi sed. Dolorum omnis pariatur rerum quo sit.',1,'2020-07-13 18:59:15','2020-07-13 18:59:15'),(8,69,'Mrs. Eda Stoltenberg IV','Ab omnis incidunt iste sunt vel. Quis voluptate earum quia nesciunt. Illo impedit et ratione omnis officiis in vel consequuntur. Fuga iusto et voluptas omnis eligendi. Repudiandae harum et amet sit.',2,'2020-07-13 18:59:15','2020-07-13 18:59:15'),(9,14,'Maiya Rodriguez','Dicta maxime expedita et non et quis. Incidunt doloribus culpa ea laboriosam nihil. Quia quae officiis autem velit. Autem ex et non excepturi.',5,'2020-07-13 18:59:15','2020-07-13 18:59:15'),(10,111,'Norbert Nader DDS','Qui aperiam beatae consectetur suscipit aut porro corporis. Voluptatum dolores repudiandae iste in est praesentium nobis ex. Voluptatem voluptatem corrupti iusto eveniet inventore ut. Quibusdam est fugit fuga iure aperiam saepe.',2,'2020-07-13 18:59:15','2020-07-13 18:59:15'),(11,120,'Amie Beier MD','Consequatur non et earum odio ipsa quod et. Harum nemo et ipsam et ut. Commodi velit quae placeat ducimus quis earum. Ullam et corrupti blanditiis rerum ipsam voluptas.',0,'2020-07-13 18:59:15','2020-07-13 18:59:15'),(12,62,'Prof. Velma Raynor Sr.','Adipisci dicta harum vel. Ut eos reprehenderit qui occaecati ex iusto vitae. Eos sapiente dolores eius ut error. Mollitia autem fugiat ab voluptatibus pariatur sapiente minima doloremque.',5,'2020-07-13 18:59:15','2020-07-13 18:59:15'),(13,70,'Demond Homenick MD','Ut enim quae sed. Sint veritatis quisquam neque. Autem sit qui dolorem amet.',5,'2020-07-13 18:59:15','2020-07-13 18:59:15'),(14,78,'Bertrand Smith','Ducimus quo et voluptatem quia sit quidem inventore explicabo. Quia aut vero ex aspernatur. Id consequatur accusantium rerum.',0,'2020-07-13 18:59:15','2020-07-13 18:59:15'),(15,95,'Jaqueline Glover','Nulla corporis incidunt harum voluptatem dolor. Consequuntur numquam itaque expedita nihil cumque.',0,'2020-07-13 18:59:15','2020-07-13 18:59:15'),(16,100,'Margarete Kulas','Illo aut voluptatum odio. Enim consequatur natus beatae consequatur nisi. Nam autem omnis quia magnam eveniet velit.',0,'2020-07-13 18:59:15','2020-07-13 18:59:15'),(17,95,'Shanna Zulauf','Repellendus sed vel est dolores ad. Impedit nam doloremque voluptates deserunt beatae aut. Rem sed rerum recusandae sit quisquam corrupti veritatis sunt.',3,'2020-07-13 18:59:15','2020-07-13 18:59:15'),(18,88,'Gay Abernathy','Ipsum et quos repellat quod. Praesentium molestias voluptatibus eum molestias commodi explicabo. Velit optio non earum quis. Fugiat nulla delectus repellendus optio dolorem corrupti corporis.',3,'2020-07-13 18:59:15','2020-07-13 18:59:15'),(19,48,'Dr. Bethel Jacobson','Possimus ea pariatur nisi similique deleniti officia. Molestiae sunt velit accusamus quo consequuntur.',4,'2020-07-13 18:59:15','2020-07-13 18:59:15'),(20,126,'Dr. Laverna Toy','Ducimus tenetur consequatur fuga distinctio consequuntur quidem quas. Quaerat veniam officiis velit nam placeat. Consequatur minima quidem ut vero inventore dolorum occaecati. Esse neque cum atque possimus voluptates unde. Ut possimus dolores eligendi qui numquam.',4,'2020-07-13 18:59:15','2020-07-13 18:59:15'),(21,102,'Sedrick Murray','Nisi inventore iste tempore voluptatibus. Fugiat asperiores culpa quia a veritatis.',3,'2020-07-13 18:59:15','2020-07-13 18:59:15'),(22,68,'Dr. Bud Braun','Dolor et consequatur quasi rem quaerat distinctio sit cupiditate. Quo ab autem velit molestias culpa. Libero doloremque similique veniam. Quo numquam fugiat ipsam ab.',5,'2020-07-13 18:59:15','2020-07-13 18:59:15'),(23,81,'Prof. Jarrett Borer','Tenetur facilis velit ipsum alias. Sed exercitationem doloremque voluptatem. Repudiandae quas veritatis velit in sunt id reprehenderit. Cum et rerum minima ut est reiciendis amet.',1,'2020-07-13 18:59:15','2020-07-13 18:59:15'),(24,29,'Kristofer Hodkiewicz','In corporis optio quos. Totam nobis asperiores quis dolorum. Quia ea officia consequatur molestias. Animi repellendus aut velit repellendus quisquam voluptatem veritatis.',2,'2020-07-13 18:59:15','2020-07-13 18:59:15'),(25,20,'Ulices Moore III','Quae amet porro ea in. Itaque eaque recusandae sit ut voluptas beatae consequatur sunt. Accusamus ipsam nostrum quam labore explicabo aspernatur. Enim quibusdam occaecati ipsam ea aperiam.',3,'2020-07-13 18:59:15','2020-07-13 18:59:15'),(26,120,'Maximillia Hyatt','Delectus repellendus ratione molestias et omnis. Perferendis voluptate eum deserunt sit quas officia. Ipsam ipsam cupiditate natus id qui qui. In ducimus libero et omnis ab voluptas. Porro et voluptas ut fugiat facere accusamus est doloremque.',2,'2020-07-13 18:59:15','2020-07-13 18:59:15'),(27,119,'Paul Mertz I','Mollitia aspernatur quaerat tenetur veritatis harum. Qui natus eveniet eaque. Vitae adipisci omnis voluptate sit labore.',0,'2020-07-13 18:59:15','2020-07-13 18:59:15'),(28,59,'Vincenza Murphy','Et fugiat velit quam et. Ea debitis itaque molestiae et cum rerum. Sit deleniti laudantium molestias aspernatur aliquid. Consectetur amet ipsa aperiam voluptas sequi exercitationem.',0,'2020-07-13 18:59:15','2020-07-13 18:59:15'),(29,73,'Reba Rohan MD','Nesciunt totam quam ea cumque voluptate. Ut esse qui doloremque molestias quis quidem sunt. Eum dolores sed modi. Consequatur nulla laborum illum nesciunt perferendis earum. Illum eum praesentium quo quo voluptates quibusdam.',5,'2020-07-13 18:59:15','2020-07-13 18:59:15'),(30,39,'Sean Schumm','A et illo et expedita porro. Et cupiditate quaerat ab sint adipisci. Nobis a omnis vitae sunt.',5,'2020-07-13 18:59:15','2020-07-13 18:59:15'),(31,62,'Ms. Macie Brown Sr.','Voluptatum sit natus ab aut dignissimos quia. Neque facilis dolores est excepturi. Sit laudantium praesentium sunt sunt nobis.',3,'2020-07-13 18:59:15','2020-07-13 18:59:15'),(32,66,'Freeda Harris','Aut reprehenderit autem minus voluptates aut. Reprehenderit accusamus consequuntur in corrupti. Quia voluptatem qui qui aliquam ipsa quos quibusdam.',0,'2020-07-13 18:59:15','2020-07-13 18:59:15'),(33,143,'Virginia Trantow','Error sunt accusamus perferendis et optio. Quia fugiat ratione rerum est. Nihil autem nam at aut sit aliquam reprehenderit.',0,'2020-07-13 18:59:15','2020-07-13 18:59:15'),(34,133,'Prof. Drake Bechtelar Jr.','Aperiam sit quod deleniti molestiae maiores a iusto hic. Minima repudiandae voluptatibus ipsam. Quas temporibus cumque cumque est ex.',5,'2020-07-13 18:59:15','2020-07-13 18:59:15'),(35,53,'Hyman Goldner','Similique omnis voluptatem distinctio veritatis voluptatem ipsam. Facere aut voluptas et illo.',2,'2020-07-13 18:59:15','2020-07-13 18:59:15'),(36,83,'Marquis Littel','Voluptatum officiis libero nihil eos. Quod ipsum quod dolorem explicabo sunt cum autem. Officia cupiditate voluptatem omnis harum. Vel voluptas earum quia hic omnis est et.',0,'2020-07-13 18:59:15','2020-07-13 18:59:15'),(37,125,'Melvina Hagenes','Voluptatum ut voluptas qui. Et fugit aperiam ut iure beatae quasi. Eum veritatis voluptate omnis qui.',4,'2020-07-13 18:59:15','2020-07-13 18:59:15'),(38,141,'Hettie Kuvalis','Soluta eum et delectus dolorum et nemo. Et hic provident ut commodi. Maxime nam qui odit quasi quia assumenda nihil.',5,'2020-07-13 18:59:15','2020-07-13 18:59:15'),(39,65,'Earnestine Schiller','Tenetur consectetur molestiae placeat praesentium. Quae voluptatum magnam et et. Eos rerum aut natus officia cupiditate blanditiis. Facere ipsam eius mollitia voluptatem beatae nostrum.',5,'2020-07-13 18:59:15','2020-07-13 18:59:15'),(40,33,'Deondre Schulist','Excepturi animi ea distinctio libero eius dolor fuga reiciendis. Sint doloribus consequatur sunt possimus voluptatem. Voluptas nam qui quia tempora assumenda. Consequatur ipsa adipisci voluptatem debitis dolores eaque numquam.',1,'2020-07-13 18:59:15','2020-07-13 18:59:15'),(41,140,'John Davis','Odit aut voluptatem nam voluptas rerum ut. Rerum maxime autem ut et. Eos hic qui earum dolorem aliquam ullam quis accusantium. Qui maxime fugit odit aliquid molestias.',5,'2020-07-13 18:59:15','2020-07-13 18:59:15'),(42,11,'Mr. Jamaal Zboncak V','Blanditiis rerum ullam ut animi tempore magni perferendis. Et nostrum asperiores aut quibusdam sed suscipit iste. Rerum repellat ut sunt et illum excepturi.',0,'2020-07-13 18:59:15','2020-07-13 18:59:15'),(43,16,'Norberto Rice','Doloremque praesentium aspernatur qui et odio. Nobis unde modi laborum itaque non voluptatibus delectus. Ipsa tempora necessitatibus est.',4,'2020-07-13 18:59:15','2020-07-13 18:59:15'),(44,29,'Elenora Hintz','Vel sunt rem dolor hic est. Doloremque officiis ea ullam quaerat et veniam illo. Nemo cumque eligendi voluptates consequatur commodi non qui. Fugit rerum et distinctio animi aspernatur perspiciatis.',2,'2020-07-13 18:59:15','2020-07-13 18:59:15'),(45,90,'Miss Providenci Jacobson','Voluptate vel ut nam ut perspiciatis corrupti. At sunt qui sit incidunt assumenda. Corrupti harum aliquam dolores enim perferendis ullam.',5,'2020-07-13 18:59:15','2020-07-13 18:59:15'),(46,70,'Reyna Bauch','Itaque aspernatur ipsam et et. Aperiam natus expedita et qui dolorum sed. Deleniti quia repellendus quia impedit neque inventore inventore. Et et qui natus voluptates rem consequuntur voluptas.',3,'2020-07-13 18:59:15','2020-07-13 18:59:15'),(47,142,'Green Beier','Repudiandae consequatur aliquid et. Qui aut repellat veritatis fugit aperiam eaque.',5,'2020-07-13 18:59:15','2020-07-13 18:59:15'),(48,38,'Cloyd Abernathy MD','Esse nostrum fugit inventore ea. Neque dolores delectus nisi nihil. Autem dolores illo nesciunt ea aperiam suscipit.',0,'2020-07-13 18:59:15','2020-07-13 18:59:15'),(49,43,'Gerard Emard','Totam velit sunt et suscipit dolore excepturi qui. Tenetur ipsam eveniet dicta ut autem excepturi. Labore ullam perspiciatis ut excepturi et porro.',1,'2020-07-13 18:59:15','2020-07-13 18:59:15'),(50,135,'Lenora Eichmann','Doloribus id magni sed error est itaque nam autem. Nisi consequatur quia officiis sunt nemo deleniti et. Tempore et perferendis vitae facilis. Dolorem temporibus ut minima eos enim sapiente vero.',1,'2020-07-13 18:59:15','2020-07-13 18:59:15'),(51,36,'Retha Buckridge','Ea ut harum sed consequatur. Ea cum cum eos neque ut recusandae accusantium autem. Voluptatem rerum qui qui aperiam. Molestias perferendis quo et id ut voluptatem dolor.',0,'2020-07-13 18:59:15','2020-07-13 18:59:15'),(52,4,'Kenton Murray','Et et expedita voluptas sed qui molestiae voluptatem maiores. Et eius libero et beatae veniam a eos. Animi incidunt iure consectetur ullam vero eaque sed maiores.',2,'2020-07-13 18:59:15','2020-07-13 18:59:15'),(53,112,'Pamela Ankunding','Saepe eos suscipit non voluptatem esse deserunt exercitationem. Cupiditate praesentium voluptatem vel a.',0,'2020-07-13 18:59:15','2020-07-13 18:59:15'),(54,110,'Maryam Kris','Perferendis sit velit officiis aliquam natus inventore quam. Dolor ea repellendus vitae eum iusto rerum sapiente temporibus. Dicta fugiat aut eius dolor molestiae ea dolorem. Quia aspernatur numquam doloremque quod quidem.',0,'2020-07-13 18:59:15','2020-07-13 18:59:15'),(55,100,'Ms. Zella Roberts I','Inventore harum quasi rem enim doloremque. Aliquam ex natus saepe nisi voluptatem consectetur omnis. Mollitia autem est vel quam dolorem aut architecto.',5,'2020-07-13 18:59:15','2020-07-13 18:59:15'),(56,109,'Alden Hirthe','Quia sit vero nihil. Quidem quia ut similique officiis.',0,'2020-07-13 18:59:15','2020-07-13 18:59:15'),(57,140,'Dr. Kaylie Fahey IV','Quia et accusamus itaque voluptatibus ad quia. Sunt quia laborum animi id sed distinctio fugit quam. Officiis ex et enim quisquam incidunt sit minima dicta. Excepturi deleniti reprehenderit enim occaecati minima excepturi aut.',5,'2020-07-13 18:59:15','2020-07-13 18:59:15'),(58,147,'Prof. Hunter Aufderhar Sr.','Omnis eligendi amet rem repellat ea tenetur libero rem. Sunt expedita quaerat maiores odio magni tenetur. Sed quo dolorem fugiat doloribus enim perferendis. Dolor quasi illum tempora.',2,'2020-07-13 18:59:15','2020-07-13 18:59:15'),(59,92,'Prof. Reuben Dickens V','Eum odio odio quasi illum reiciendis eaque. Saepe iure quisquam et ad. Repudiandae assumenda dolorum est nostrum et. Veniam esse dignissimos aliquam ipsam odio.',1,'2020-07-13 18:59:15','2020-07-13 18:59:15'),(60,111,'Dr. Wava Spencer Sr.','Autem quam ullam nam optio. Et blanditiis explicabo maiores adipisci et quis id pariatur. Voluptatum similique et alias quasi quos placeat aut a. Ab molestias hic sit atque.',0,'2020-07-13 18:59:15','2020-07-13 18:59:15'),(61,106,'Mr. Gaetano Bahringer','Et voluptas delectus laborum vel recusandae repudiandae. Eligendi voluptas ut ut nesciunt iusto autem neque. Placeat quia eum sunt minima accusamus ut. Debitis aperiam et iure tempore enim.',4,'2020-07-13 18:59:15','2020-07-13 18:59:15'),(62,109,'Alfonso Reinger IV','Qui expedita eius velit occaecati harum et amet quod. Et est rem ea sit sed corporis beatae. Est est qui pariatur harum.',4,'2020-07-13 18:59:15','2020-07-13 18:59:15'),(63,36,'Kristin Lebsack','Et similique aspernatur eos aperiam dolorem commodi. Vero et ratione explicabo aut hic. Maiores aut dignissimos praesentium cupiditate optio voluptates. Et quibusdam voluptatem quia aspernatur laborum est porro in.',1,'2020-07-13 18:59:15','2020-07-13 18:59:15'),(64,138,'Denis Corkery','Est culpa id voluptatem fuga cum. Vero itaque omnis saepe.',5,'2020-07-13 18:59:15','2020-07-13 18:59:15'),(65,33,'Kim Moore','Beatae qui et est nam aut. Ea voluptatem hic beatae omnis rerum nulla. Et et libero et placeat illum qui laborum. Magni dolores modi voluptatum.',4,'2020-07-13 18:59:15','2020-07-13 18:59:15'),(66,43,'Dr. Melany Marks','Omnis aut aut quasi voluptatibus. Omnis blanditiis totam nostrum architecto aut cum.',2,'2020-07-13 18:59:15','2020-07-13 18:59:15'),(67,74,'Jeanie Cummerata','Nobis doloribus voluptatem delectus quia et. Ut sunt hic tempora ratione. Quidem saepe omnis magnam quis expedita unde magnam.',5,'2020-07-13 18:59:15','2020-07-13 18:59:15'),(68,69,'Brent Tremblay','Numquam facere consequuntur dolorum repudiandae illo deleniti. Ut hic aut placeat aut. Fugiat sequi voluptates consectetur. Iure optio doloribus accusamus quas molestias officiis est.',3,'2020-07-13 18:59:15','2020-07-13 18:59:15'),(69,15,'Prof. Verda Keeling','Officia magnam est aut et ipsa nesciunt. Assumenda qui ut laudantium sequi aliquam. Sunt optio ea nesciunt et quia. Consequatur exercitationem quasi iusto beatae.',2,'2020-07-13 18:59:15','2020-07-13 18:59:15'),(70,40,'Clifford Kuphal','Quasi iste consectetur sunt in. Blanditiis qui nihil illo doloribus sed reiciendis. Sit vel quo velit dolor accusamus. Cumque quis voluptas impedit quis.',1,'2020-07-13 18:59:15','2020-07-13 18:59:15'),(71,25,'Arch Fahey','Temporibus pariatur architecto molestiae consectetur deleniti deleniti impedit. Nesciunt eaque quaerat rerum quia.',2,'2020-07-13 18:59:15','2020-07-13 18:59:15'),(72,56,'Lera Morar','Voluptatibus dolor non beatae quia enim ad tempore. Possimus recusandae ipsum temporibus placeat ut. Quia ipsa quaerat vel ullam. Eum veritatis autem et atque.',0,'2020-07-13 18:59:15','2020-07-13 18:59:15'),(73,81,'Prof. Clovis Blick','Doloremque eum occaecati unde dolore consectetur doloribus. Numquam dolore exercitationem a. Consectetur consequatur voluptatem sit possimus quia voluptate minima.',0,'2020-07-13 18:59:15','2020-07-13 18:59:15'),(74,33,'Prof. Dean Dickens','Facilis nulla unde nobis. Dolores quis ratione totam pariatur. Tempore quas sit repellat praesentium sint dolorem ut consectetur.',0,'2020-07-13 18:59:15','2020-07-13 18:59:15'),(75,3,'Madelyn Gerlach','Eum quas dolorem culpa et. Est nobis repudiandae facere quae animi fuga et rem. Provident excepturi distinctio velit blanditiis necessitatibus. Libero error esse dolores est fuga optio. Consectetur et culpa rerum cupiditate commodi repellat dicta.',4,'2020-07-13 18:59:15','2020-07-13 18:59:15'),(76,70,'Chloe Orn','Illo corrupti vero maiores culpa sint quis. Esse nesciunt fuga ex qui expedita doloremque. Quia sint impedit nulla eius quia. Corrupti eius vero rerum et qui mollitia nihil. Ullam atque omnis ipsa cupiditate est quas ex.',2,'2020-07-13 18:59:15','2020-07-13 18:59:15'),(77,118,'Mr. Ricardo Hettinger','Non maxime vel quaerat alias provident. Id cupiditate est reiciendis quos adipisci praesentium sint. Sed nihil saepe non aut aut blanditiis. Sed ea possimus id culpa qui consectetur quis.',1,'2020-07-13 18:59:15','2020-07-13 18:59:15'),(78,140,'Ms. Amanda Blanda','Animi sapiente autem veniam ea officia maxime. Odio recusandae ut tenetur suscipit aut. Dolor minus natus id assumenda error.',3,'2020-07-13 18:59:15','2020-07-13 18:59:15'),(79,79,'Leonor Skiles','Alias veritatis aut labore asperiores voluptate facilis ea nihil. Enim et esse dicta harum amet mollitia cupiditate. Commodi voluptas dolorem nam vel eligendi officia dolorem. Consequatur inventore velit repellat ipsam omnis ullam itaque. Quas nesciunt sit a velit ipsa.',4,'2020-07-13 18:59:15','2020-07-13 18:59:15'),(80,48,'Mr. Ali Runte DDS','Sed amet voluptas earum assumenda dolore quibusdam. Quam fugiat explicabo voluptatem est. Nesciunt rerum neque voluptatibus consectetur minus. Occaecati id et maxime quo dolorum labore modi.',2,'2020-07-13 18:59:15','2020-07-13 18:59:15'),(81,75,'Stuart Robel','Ut voluptatibus nam est quis occaecati enim. Odit aut mollitia voluptatibus perferendis optio sunt dolorum quae. Ipsum ad ipsam ipsam.',3,'2020-07-13 18:59:15','2020-07-13 18:59:15'),(82,143,'Sharon Kuhic','Eligendi iusto eligendi aliquid et repellat corporis magni. Velit commodi voluptatem amet ea dignissimos consequatur itaque. Voluptate amet veniam culpa modi beatae omnis. Blanditiis maiores autem adipisci at nulla corporis.',3,'2020-07-13 18:59:15','2020-07-13 18:59:15'),(83,29,'Ava Brekke','Quaerat ea qui et modi ratione et provident quo. Dolorum molestiae voluptas et distinctio in voluptate at perferendis. Aut est recusandae autem voluptatem voluptatem tempora.',0,'2020-07-13 18:59:15','2020-07-13 18:59:15'),(84,103,'Reba Lind DDS','Voluptas rerum velit vel asperiores ab maiores quasi totam. Nihil at aliquam quos illo ipsum alias. Omnis quis eum suscipit quasi asperiores. Quia qui maxime rem sequi et maxime ut.',2,'2020-07-13 18:59:15','2020-07-13 18:59:15'),(85,117,'Prof. Guiseppe McGlynn','Fugiat non autem optio enim id ut. Nulla adipisci vero et aspernatur quis non. Cum facere provident incidunt doloremque rem. Aliquid laboriosam enim sed consequuntur dignissimos eos.',1,'2020-07-13 18:59:15','2020-07-13 18:59:15'),(86,20,'German Morar','Accusantium maiores reprehenderit laborum autem aperiam. Ipsa praesentium sunt est ea. Qui et voluptates deleniti eligendi tempore laboriosam veritatis. Quis aliquid minus dicta aut ducimus molestiae.',0,'2020-07-13 18:59:15','2020-07-13 18:59:15'),(87,144,'Yvette Heathcote','Sit quae et et quod. Modi unde odit rem deleniti. Ullam aspernatur quam nam ea cumque quis quis.',2,'2020-07-13 18:59:15','2020-07-13 18:59:15'),(88,52,'Humberto Ortiz','Cum dolor inventore quidem vero recusandae. Eum aut doloremque ut velit sit sit. Nihil possimus labore omnis quos. Aut fuga autem sed ipsum deserunt impedit aut.',3,'2020-07-13 18:59:15','2020-07-13 18:59:15'),(89,150,'Alfonso Mraz','Non similique quisquam iure eos vitae. Alias voluptate eum temporibus deleniti voluptate. Quibusdam ullam quia molestiae deserunt at neque. Tempore sed et non nihil.',4,'2020-07-13 18:59:15','2020-07-13 18:59:15'),(90,100,'Rasheed Boehm','Molestiae temporibus est rerum doloribus qui neque rerum quaerat. Asperiores fugiat exercitationem aperiam rerum praesentium. Fugit ab molestiae doloremque aut aliquid voluptatem tempore. Expedita est iusto dolor molestiae.',3,'2020-07-13 18:59:15','2020-07-13 18:59:15'),(91,149,'Cleo Rodriguez','Placeat non non velit omnis. Vitae dolores quod voluptatum culpa.',0,'2020-07-13 18:59:15','2020-07-13 18:59:15'),(92,129,'Dulce Baumbach','Quis eos aut eum omnis cumque quae nisi. Suscipit non molestias consectetur iure inventore qui necessitatibus. Et tempora enim soluta consequatur provident optio.',5,'2020-07-13 18:59:15','2020-07-13 18:59:15'),(93,2,'Bertrand Greenholt','Amet aut fugiat labore temporibus nulla voluptatem quas. Amet voluptatem ut libero soluta. Est aut incidunt quo deserunt aliquam maiores. Reprehenderit est ratione itaque assumenda temporibus dignissimos et.',2,'2020-07-13 18:59:15','2020-07-13 18:59:15'),(94,45,'Brice Pouros','Et voluptatem blanditiis blanditiis repellendus tenetur ex. Tempore explicabo aut et. Et ratione quo facilis error eos commodi incidunt. Consequuntur omnis aperiam qui et qui.',5,'2020-07-13 18:59:15','2020-07-13 18:59:15'),(95,8,'Shania Gutkowski','Maxime aperiam aut et ut cupiditate quis. Qui incidunt et earum voluptas doloremque et asperiores. Rerum nihil molestias doloremque omnis illum laboriosam. Voluptatem possimus ea architecto recusandae quod nulla. Debitis similique temporibus dolor tempore.',3,'2020-07-13 18:59:15','2020-07-13 18:59:15'),(96,90,'Otho Veum','Iste placeat ipsa sapiente dolorum corporis nihil. Aspernatur quibusdam saepe et dolorem enim. Non voluptatem aut quo a quos amet. Non ea omnis voluptatem ducimus laborum quia.',5,'2020-07-13 18:59:15','2020-07-13 18:59:15'),(97,74,'Brice Orn','Occaecati quod sunt amet accusamus. Saepe dolores qui repellat dignissimos impedit.',3,'2020-07-13 18:59:15','2020-07-13 18:59:15'),(98,119,'Ethelyn Marvin PhD','Enim magni minus voluptatem quia suscipit dolore et amet. Laudantium sapiente itaque ad explicabo et id. Iure qui ea et odio molestias qui.',2,'2020-07-13 18:59:15','2020-07-13 18:59:15'),(99,74,'Meggie Schaefer','Perferendis omnis voluptatibus molestiae aut. Eos omnis beatae aut. Deleniti consequatur nihil dolorum molestiae voluptas. Laboriosam nemo et quaerat incidunt pariatur voluptas facere.',3,'2020-07-13 18:59:15','2020-07-13 18:59:15'),(100,43,'Ms. Alize Reynolds','Assumenda quas repellendus ipsa tempore non. Voluptas tempore dolorum nulla ipsa. Dolorem velit itaque omnis sint. Optio deleniti impedit est est ea nisi commodi.',1,'2020-07-13 18:59:15','2020-07-13 18:59:15'),(101,68,'Rozella Gaylord','Aut rerum magni quas. Aut eveniet ut ut ullam.',3,'2020-07-13 18:59:15','2020-07-13 18:59:15'),(102,145,'Dr. Lambert Schimmel IV','Ut sit vitae quia. Omnis at illum omnis earum est. Expedita sed et quae doloribus sit.',5,'2020-07-13 18:59:15','2020-07-13 18:59:15'),(103,120,'Hester Ferry','Beatae impedit quasi natus voluptas magnam. Similique corporis cumque distinctio adipisci qui dolorem. Voluptatem labore totam quisquam aut voluptatem quo voluptatibus modi. Eum quasi incidunt amet rerum.',0,'2020-07-13 18:59:15','2020-07-13 18:59:15'),(104,137,'Dillon Cole','Omnis nesciunt aut recusandae. Repellat aliquam possimus illum animi error sint. Officia cum delectus odio sit illum. Quia odio ullam ea rerum eum vel aut. Consequatur porro quo praesentium praesentium magnam quia.',5,'2020-07-13 18:59:15','2020-07-13 18:59:15'),(105,21,'Theron Ondricka','Est eligendi officiis velit ut iure cupiditate. Id ipsam in ipsum. Officia magnam praesentium sunt dolore dolorem nulla est. Aliquid non possimus ipsam porro magnam odio est.',5,'2020-07-13 18:59:15','2020-07-13 18:59:15'),(106,124,'Prof. Tyrese Powlowski PhD','Accusamus quis tempora pariatur suscipit possimus cumque. Repellat rem consequatur est magnam dolorum dicta omnis nulla. Tempore quo labore recusandae corporis accusantium quis. Nostrum architecto eum quod temporibus. Id delectus harum rem est.',0,'2020-07-13 18:59:15','2020-07-13 18:59:15'),(107,83,'Miss Kitty Bosco','In asperiores enim et explicabo molestiae ratione nostrum. Corrupti vel sunt reiciendis quis commodi est. Assumenda id explicabo ut consequatur.',2,'2020-07-13 18:59:15','2020-07-13 18:59:15'),(108,29,'Tyrell Reilly','Nisi beatae ea hic facilis. Itaque tempora assumenda consequatur aliquid. Eaque enim fuga ut.',1,'2020-07-13 18:59:15','2020-07-13 18:59:15'),(109,87,'Dessie Dicki','Hic odit totam nisi in. Illum excepturi aut ex dolorem voluptas laborum adipisci. Minus magnam occaecati id nisi.',2,'2020-07-13 18:59:15','2020-07-13 18:59:15'),(110,45,'Mr. Max Buckridge I','Eligendi nulla tempora eligendi aut ut. Voluptas mollitia ullam qui rem qui dolorem quia. Provident et deleniti facere ut a nobis quo. Maiores quisquam consequatur vel voluptatem voluptatem consequatur ipsum.',4,'2020-07-13 18:59:15','2020-07-13 18:59:15'),(111,100,'Mrs. Bernadine Kutch','Iure hic esse eaque deserunt labore et. Et molestiae in modi est voluptates. Voluptate nobis aliquam praesentium officiis adipisci ea consequatur. Officiis inventore nesciunt et labore excepturi rerum dolorem.',3,'2020-07-13 18:59:15','2020-07-13 18:59:15'),(112,50,'Kaleb Mraz I','Harum sunt dignissimos enim aperiam. Delectus quibusdam ipsam voluptas totam modi sed. Deserunt ut et possimus et earum et.',1,'2020-07-13 18:59:15','2020-07-13 18:59:15'),(113,148,'Dr. Albertha Klocko','Fugit mollitia dolorum aut ut excepturi. Ut non aut est occaecati voluptatem unde. Repellendus nihil earum et iure. Nesciunt sed eos delectus ex quam nemo dolore.',4,'2020-07-13 18:59:15','2020-07-13 18:59:15'),(114,75,'Wilbert Strosin','Exercitationem dignissimos nisi eum tenetur enim laboriosam provident. Ex dolor praesentium tenetur consequatur error totam. Non sit ipsa et cupiditate modi consequuntur cum.',0,'2020-07-13 18:59:15','2020-07-13 18:59:15'),(115,149,'Ms. Earnestine Sipes PhD','Itaque rerum sed sed dolorem sint quas ut. Odio vitae sed dolorem autem in iste. Culpa iure similique at quibusdam. Blanditiis cupiditate qui dignissimos et eos eligendi quo.',2,'2020-07-13 18:59:15','2020-07-13 18:59:15'),(116,4,'Eveline Nikolaus','Autem iure voluptas possimus consequatur. Non quibusdam soluta ad magnam. Maiores voluptas ad fugit occaecati id soluta sint. Modi aut eos repellendus sit enim harum.',0,'2020-07-13 18:59:15','2020-07-13 18:59:15'),(117,79,'Garry Schaefer','Facere alias et consequatur quam ducimus repudiandae aut. Qui labore vel sunt sit suscipit esse velit. Iste fuga sint non officiis officiis.',3,'2020-07-13 18:59:15','2020-07-13 18:59:15'),(118,32,'Moriah Gorczany V','Repudiandae cupiditate expedita quibusdam ut ipsum aliquam. Et dolorem itaque voluptatibus at nam. Ex eius laboriosam aspernatur iste debitis.',3,'2020-07-13 18:59:15','2020-07-13 18:59:15'),(119,74,'Prof. Henriette Larson DVM','Magnam quia autem repellat eligendi. Commodi corrupti repudiandae excepturi ipsum. Qui numquam sit sunt ad minima deserunt repellat pariatur.',3,'2020-07-13 18:59:15','2020-07-13 18:59:15'),(120,82,'Daniella White','Dicta odit minus et aut distinctio quasi. Consequatur dolor minus laudantium sit. Quas libero cumque est nesciunt nisi maxime. Earum impedit et fugiat.',3,'2020-07-13 18:59:15','2020-07-13 18:59:15'),(121,18,'Herta Parker','Nemo sunt est cupiditate facere. Inventore cum quibusdam saepe fuga omnis ipsam. In iste natus pariatur.',2,'2020-07-13 18:59:15','2020-07-13 18:59:15'),(122,85,'Billy Hane','Nemo voluptas sed voluptas facere iure quo nemo. Ducimus minus iste assumenda blanditiis officia commodi. Placeat nulla et nostrum corporis aliquam.',1,'2020-07-13 18:59:15','2020-07-13 18:59:15'),(123,81,'Pearline Conn','Dolorem aut aut quas beatae minima accusantium dolorum. Quam voluptatem ea ut delectus. Temporibus ipsam qui expedita commodi.',1,'2020-07-13 18:59:15','2020-07-13 18:59:15'),(124,67,'Dr. Karlee Hettinger DDS','Quis omnis totam hic et. Magni aliquam quasi accusamus. Velit eos mollitia soluta et ex dolores iusto.',2,'2020-07-13 18:59:15','2020-07-13 18:59:15'),(125,7,'Angeline Romaguera','Ex est voluptatem sed a id. Deleniti non ipsa ad. Cupiditate est quaerat sit quia magni suscipit quia. Possimus minima quod modi reprehenderit ut.',3,'2020-07-13 18:59:15','2020-07-13 18:59:15'),(126,61,'Ricky Williamson','Labore voluptatem perferendis totam ducimus est ut. Reiciendis ut sint nesciunt et. Provident minus voluptates nihil esse impedit quidem quaerat.',1,'2020-07-13 18:59:15','2020-07-13 18:59:15'),(127,142,'Tracey Hayes','Rerum magni dolore veritatis suscipit. Possimus nostrum fugit velit amet molestias nulla nemo tempore. Ut est aut officia adipisci dolorum.',1,'2020-07-13 18:59:15','2020-07-13 18:59:15'),(128,100,'Shaniya Haag','Praesentium quam possimus doloribus voluptatem eaque. Magni modi enim debitis est temporibus consequatur. Mollitia quam voluptatibus praesentium et. Hic totam dolor mollitia pariatur deserunt quas aperiam dolorem.',2,'2020-07-13 18:59:15','2020-07-13 18:59:15'),(129,93,'Annamae Harber','Deleniti iure et ipsum aut dolor. Quidem accusantium in rerum harum nam voluptatum qui. Unde sit officia porro ratione et.',2,'2020-07-13 18:59:15','2020-07-13 18:59:15'),(130,133,'Prof. Peter Yost','Incidunt molestias rem dolorem asperiores minima ut quia. Voluptatem laborum adipisci voluptatum rem officiis voluptates.',1,'2020-07-13 18:59:15','2020-07-13 18:59:15'),(131,82,'Gaston Pfeffer DVM','Nihil commodi qui ut itaque nam non cumque nulla. In praesentium eveniet id adipisci ab. Omnis ab qui molestias natus minus voluptates cupiditate.',0,'2020-07-13 18:59:15','2020-07-13 18:59:15'),(132,96,'Stella Mueller Jr.','Fugit qui nostrum quibusdam ut sapiente qui quibusdam vel. Fugit et explicabo qui ut aspernatur. Vitae deleniti qui ipsum rem et.',1,'2020-07-13 18:59:15','2020-07-13 18:59:15'),(133,87,'Darius Hessel','Est qui voluptatum quia. Unde et nihil quod et voluptates magni. Doloremque aut harum omnis deserunt repellendus dolores. Blanditiis minus atque corporis consequuntur similique voluptas id.',0,'2020-07-13 18:59:15','2020-07-13 18:59:15'),(134,26,'Micah Welch','Veniam nesciunt mollitia inventore amet quos. Recusandae tempora sit sed inventore at ea. Et dignissimos consequatur doloremque alias occaecati qui sed. Sed dolorem distinctio veniam laudantium.',2,'2020-07-13 18:59:15','2020-07-13 18:59:15'),(135,56,'Miss Kathlyn Pfannerstill IV','Et ut rerum labore dolore assumenda doloremque. Sed eum tempora quas consequatur voluptatem est. Autem aliquid iure excepturi aut consequatur. Aperiam aperiam officia nobis quam sapiente nesciunt pariatur.',2,'2020-07-13 18:59:15','2020-07-13 18:59:15'),(136,71,'Chaim Johnston','Eum id et dignissimos dolores. Nam dolor similique repudiandae temporibus et. Et natus quia itaque molestias in.',0,'2020-07-13 18:59:15','2020-07-13 18:59:15'),(137,135,'Dante Rogahn','Nostrum sequi veritatis culpa eaque quibusdam dolore. Suscipit perspiciatis aperiam assumenda et voluptatem. Omnis porro eius qui dolores pariatur eos velit et. Odio itaque ut voluptatibus quasi. Esse sit rem omnis aliquam officiis quod eius.',4,'2020-07-13 18:59:15','2020-07-13 18:59:15'),(138,74,'Randy Lemke','Vel explicabo voluptas consequatur quis. Consequuntur exercitationem qui et est quasi voluptatibus officia. Sed velit minus fuga eligendi ut ut natus.',4,'2020-07-13 18:59:15','2020-07-13 18:59:15'),(139,97,'Gregg Gleason III','Fugit iusto harum provident architecto a ex. Dolor quis incidunt veritatis ducimus. Quo eum necessitatibus est omnis temporibus.',2,'2020-07-13 18:59:15','2020-07-13 18:59:15'),(140,36,'Mr. Sammie Mraz PhD','Accusamus quas a qui esse odit nostrum. Sit aperiam laudantium voluptatem consequatur minima. Consectetur ipsum quibusdam sed quibusdam porro beatae ab sit. Qui dolorem iure fuga perferendis deserunt et animi.',4,'2020-07-13 18:59:15','2020-07-13 18:59:15'),(141,99,'Jeromy Witting','Maxime tempore fuga voluptate laborum voluptas voluptates. Autem quia tempora reiciendis nihil aliquam quidem fugit.',4,'2020-07-13 18:59:15','2020-07-13 18:59:15'),(142,112,'Fernando Ferry','Aut ab corrupti soluta. Consequuntur enim officia ut beatae neque quas. Rem maiores nesciunt et quia. Eum libero rerum porro illum architecto velit repudiandae.',2,'2020-07-13 18:59:15','2020-07-13 18:59:15'),(143,20,'Adrienne Morissette','Modi libero eveniet iure aspernatur. Quisquam adipisci occaecati dolorem eos minima possimus. In omnis culpa atque doloribus magnam neque excepturi.',1,'2020-07-13 18:59:15','2020-07-13 18:59:15'),(144,39,'Jacquelyn Batz','Cumque repellendus reprehenderit aliquid animi pariatur hic. In mollitia porro quam deserunt voluptatem. Possimus commodi est in sit.',0,'2020-07-13 18:59:15','2020-07-13 18:59:15'),(145,48,'Mr. Gage Sawayn DDS','Et nisi quos veritatis et voluptatum dolor vel. Tempora perferendis maiores explicabo tempore nesciunt mollitia. Voluptatem debitis mollitia autem qui molestias et.',4,'2020-07-13 18:59:15','2020-07-13 18:59:15'),(146,114,'Aliza McDermott','Sit perspiciatis cumque voluptatibus velit. Magnam rerum quasi voluptatem est est maxime possimus. Dolores vel perferendis perferendis rerum est omnis incidunt.',0,'2020-07-13 18:59:15','2020-07-13 18:59:15'),(147,110,'Pasquale Lebsack III','Qui odio fugiat laboriosam nam. Hic nisi iste ut. Ullam magnam rerum asperiores illo aperiam nostrum. Necessitatibus vitae consequatur id consequatur.',4,'2020-07-13 18:59:15','2020-07-13 18:59:15'),(148,39,'Hosea Daniel','Qui in minus quia totam soluta possimus. Sit et aspernatur earum. Aut iusto eveniet et aut nesciunt sed at aut. Eius qui id optio qui sint.',3,'2020-07-13 18:59:15','2020-07-13 18:59:15'),(149,91,'Anna Feil','Porro et aspernatur eligendi magni magnam qui ut nesciunt. Et nemo occaecati necessitatibus vitae sed dicta qui aut. Voluptas hic maxime quod sapiente ut inventore beatae vitae.',0,'2020-07-13 18:59:15','2020-07-13 18:59:15'),(150,50,'Ms. Wilma Bradtke','Est ut tempora quia ut aut. Voluptas ut veniam rem nulla cum expedita asperiores. Sint omnis laudantium iure quia.',5,'2020-07-13 18:59:15','2020-07-13 18:59:15'),(151,139,'Julia Wiza','Sint dignissimos magni et accusantium rerum qui itaque maiores. Consectetur et explicabo aperiam qui. Velit accusantium qui veritatis sit quia ut. Quibusdam quo aut praesentium nesciunt.',1,'2020-07-13 18:59:15','2020-07-13 18:59:15'),(152,88,'Trisha Konopelski','Vitae sint voluptatem at repudiandae rerum et et. Eum molestias in ut reiciendis vero. Assumenda adipisci amet tempore. Corporis qui reprehenderit a ut cupiditate est.',2,'2020-07-13 18:59:15','2020-07-13 18:59:15'),(153,52,'Winfield Stehr II','Eius rerum officiis voluptatem nisi. Perferendis saepe quidem repellat ut. Reiciendis error in dolorem veritatis eveniet. Molestiae sunt ducimus eaque dolorum veritatis deserunt a.',3,'2020-07-13 18:59:15','2020-07-13 18:59:15'),(154,29,'Karolann Roberts DDS','Nobis quos nemo et dignissimos facilis. Eum veniam odio autem itaque sed. Fuga illo mollitia quia vero dolore error.',3,'2020-07-13 18:59:15','2020-07-13 18:59:15'),(155,122,'Cathryn Gibson','Est officia nesciunt molestias mollitia quae illo neque. Optio perspiciatis amet facilis. Nesciunt quaerat est dolor vero error qui.',2,'2020-07-13 18:59:15','2020-07-13 18:59:15'),(156,124,'Santa Jaskolski','Nihil cum ipsa eveniet possimus est. Rem quos et et dolorem sed vitae quas. Beatae quae iste recusandae.',3,'2020-07-13 18:59:15','2020-07-13 18:59:15'),(157,45,'Miss Lizzie Blick PhD','Sit consequatur saepe quam beatae et. Consequatur a modi nulla sed iusto. Fuga harum modi dolorem eligendi et iste aut.',1,'2020-07-13 18:59:15','2020-07-13 18:59:15'),(158,28,'Miss Flossie Hickle IV','Labore aut quaerat vel consectetur. Omnis ipsam tenetur omnis rerum quos necessitatibus. Quia omnis nobis totam dicta non neque nihil.',5,'2020-07-13 18:59:15','2020-07-13 18:59:15'),(159,29,'Jaylan Nitzsche','Expedita qui quia fugit et. Minima voluptatem unde qui iste veniam incidunt est. Maiores eligendi dignissimos a molestias. Alias rerum sed fugit et.',0,'2020-07-13 18:59:15','2020-07-13 18:59:15'),(160,28,'Mathew King','Sint aliquam corrupti ut ut aut quia velit perferendis. Minus voluptatem non tenetur quo quaerat. Quia molestias in animi illo.',0,'2020-07-13 18:59:15','2020-07-13 18:59:15'),(161,92,'Delores Wunsch','Illo quis quae incidunt qui. Soluta quidem sint dolorem mollitia. Porro debitis inventore aut dolorum reprehenderit. Consectetur repellat omnis sed iste et.',5,'2020-07-13 18:59:15','2020-07-13 18:59:15'),(162,137,'Magdalena Klocko IV','Eligendi hic dignissimos sit ex. Optio placeat voluptatem inventore aut. Reprehenderit rem dolor iusto aliquam non sint. Pariatur et quibusdam et.',4,'2020-07-13 18:59:15','2020-07-13 18:59:15'),(163,129,'Lisette Dach','Ab et cupiditate voluptas veritatis fuga modi. Enim voluptas pariatur reiciendis ab fugiat. Officia laudantium mollitia pariatur.',2,'2020-07-13 18:59:15','2020-07-13 18:59:15'),(164,28,'Isobel Kub PhD','Eaque a et aliquid occaecati. Quis facere ipsum nisi laborum qui corrupti. Quo voluptas itaque et ad quis blanditiis dolore.',1,'2020-07-13 18:59:15','2020-07-13 18:59:15'),(165,134,'Emely Schulist','Tenetur repudiandae accusantium esse consequatur hic beatae sit occaecati. Aliquid quis sint ipsa unde dolorum qui necessitatibus. Enim mollitia voluptas maxime.',3,'2020-07-13 18:59:15','2020-07-13 18:59:15'),(166,86,'Morton Hackett','Consequatur qui cupiditate consequatur qui id. Cumque possimus cupiditate quia aperiam nihil. Qui quia quod minus maiores qui explicabo. Alias corporis eius illo qui tempora reprehenderit omnis.',1,'2020-07-13 18:59:15','2020-07-13 18:59:15'),(167,79,'Dr. Cynthia Toy','Voluptate similique placeat voluptas suscipit odio. Qui autem non qui nisi quia omnis veritatis. Harum labore quisquam aut.',5,'2020-07-13 18:59:15','2020-07-13 18:59:15'),(168,31,'Maggie Denesik','Aut officia saepe aut architecto. Voluptas atque cum consequatur exercitationem. Facere reprehenderit at sit quod atque non voluptatum.',3,'2020-07-13 18:59:15','2020-07-13 18:59:15'),(169,82,'Loyal Morar','Neque quaerat natus tenetur amet. Et blanditiis nulla pariatur dolorem. Tempore consequuntur soluta ipsam corrupti dicta non voluptatibus. Voluptatem deleniti accusantium sit odio.',1,'2020-07-13 18:59:15','2020-07-13 18:59:15'),(170,88,'Ethel Effertz','Quo sit animi voluptatem sit et autem sapiente. Ut saepe consequatur eos necessitatibus sint. Odit quis omnis asperiores non est officia. Voluptas occaecati reprehenderit ut.',2,'2020-07-13 18:59:15','2020-07-13 18:59:15'),(171,129,'Arlie Bruen','Reprehenderit ab eos debitis ratione officiis non. Et nulla suscipit et consequuntur.',0,'2020-07-13 18:59:15','2020-07-13 18:59:15'),(172,91,'Dr. Arnaldo Murphy','Possimus ipsa reprehenderit quasi porro ullam et ratione. Et delectus cum iste rerum fugit. Omnis autem sequi vel numquam fugit ipsam odit.',3,'2020-07-13 18:59:15','2020-07-13 18:59:15'),(173,40,'Marilie Kassulke DDS','Numquam necessitatibus vel quo impedit exercitationem quod voluptatem iure. Illo molestias similique itaque necessitatibus et nobis quaerat. Porro quas at est aliquam. Quae iusto consequatur officiis sequi.',3,'2020-07-13 18:59:15','2020-07-13 18:59:15'),(174,96,'Jacey Johnston','Praesentium mollitia molestiae facilis est ut. Facilis dicta similique dignissimos.',3,'2020-07-13 18:59:15','2020-07-13 18:59:15'),(175,134,'Johnpaul Macejkovic DVM','Necessitatibus id consequatur voluptatem aut rerum. Laboriosam ex quia omnis. Id animi delectus iste tempore ut facere.',3,'2020-07-13 18:59:15','2020-07-13 18:59:15'),(176,106,'Remington Orn','Excepturi at quasi commodi tempora at pariatur quasi. Quisquam reprehenderit aut reiciendis aut cum.',2,'2020-07-13 18:59:15','2020-07-13 18:59:15'),(177,24,'Abbie Ankunding','Voluptas sit autem similique. Ipsa id maiores consequuntur molestiae aut earum. Quae rem et quos dignissimos nam praesentium.',4,'2020-07-13 18:59:15','2020-07-13 18:59:15'),(178,123,'Velma Krajcik','Vel perferendis quos eveniet distinctio. Est deserunt sit sed id sit omnis eius. Iusto ut voluptatum fugiat aut provident. Rerum magnam temporibus qui id ab eum. Consectetur consequatur aut sed quia.',1,'2020-07-13 18:59:15','2020-07-13 18:59:15'),(179,3,'Marlen Spencer','Voluptatem asperiores omnis rerum vel. Nulla et facere sed nostrum voluptas est. Pariatur id ut architecto et.',5,'2020-07-13 18:59:15','2020-07-13 18:59:15'),(180,118,'Mrs. Charity Walsh','Est ut dolores sed temporibus laborum tempora non quis. Nam ut consequatur minus omnis vel culpa enim reiciendis. Molestiae modi error maxime in eos enim iure.',1,'2020-07-13 18:59:15','2020-07-13 18:59:15'),(181,57,'Zelma Fritsch','Dolor minus amet quaerat architecto. Impedit aut repudiandae ut voluptatem omnis consequatur. Quia est veniam sed pariatur dicta repellendus. Quis atque aliquam et. Facilis doloremque veniam qui ut laboriosam velit.',5,'2020-07-13 18:59:15','2020-07-13 18:59:15'),(182,142,'Kaylie Borer','Ut sapiente quia ea labore et quidem repudiandae vero. At consequuntur fuga molestias voluptatem hic non. Voluptatem doloribus dicta aut quia vitae ut distinctio.',3,'2020-07-13 18:59:15','2020-07-13 18:59:15'),(183,60,'Zachery Hansen','Reiciendis magni velit dolor rerum nihil. Autem eum hic in reiciendis sed. Libero quo ducimus hic.',2,'2020-07-13 18:59:15','2020-07-13 18:59:15'),(184,60,'Bettye Hoppe','Quia velit autem aut repellat a omnis voluptatem. Velit et consequatur adipisci sed odio hic facilis. Enim officiis consequatur enim doloremque eos aliquid ea. Aut quibusdam unde tempore.',2,'2020-07-13 18:59:15','2020-07-13 18:59:15'),(185,112,'Trent Pouros','Non est id et id. Quo totam hic dolor aut voluptatum et. Possimus voluptatem itaque est voluptatem est.',3,'2020-07-13 18:59:15','2020-07-13 18:59:15'),(186,83,'Mohammed Howe DVM','Nobis vel omnis tempore quia. Eum eum et facere architecto qui itaque. Eius temporibus doloremque perspiciatis non magnam nihil fugiat.',3,'2020-07-13 18:59:15','2020-07-13 18:59:15'),(187,70,'Gwen Davis DDS','Nobis et eveniet molestiae corrupti. Et eius tenetur ratione rerum ullam id. Quisquam dolores consequuntur molestias officiis. Praesentium fuga ea ut eum. Inventore magnam vero ut enim necessitatibus facilis soluta est.',1,'2020-07-13 18:59:15','2020-07-13 18:59:15'),(188,92,'Rowena Dickinson','Nulla nulla similique tempore culpa quo molestiae vel aliquid. Natus eos voluptatem sed quia. Minus et vel odio ducimus doloremque harum deserunt.',3,'2020-07-13 18:59:15','2020-07-13 18:59:15'),(189,73,'Dr. Ally DuBuque PhD','Corrupti ad id rerum sit dolor et nihil. Eveniet et et voluptas. Quis perferendis nisi illum quo sed sit in. Earum neque laudantium enim reiciendis autem est explicabo.',1,'2020-07-13 18:59:15','2020-07-13 18:59:15'),(190,125,'Dr. Gennaro Cassin DVM','Sunt consequuntur eaque sint omnis qui. Consequatur cumque culpa odio id. Incidunt eius quis et. Nemo dolores harum nihil et nostrum.',1,'2020-07-13 18:59:15','2020-07-13 18:59:15'),(191,52,'Carleton Altenwerth','Numquam id id aliquam assumenda. Eligendi quidem possimus quis dolorum id illo sunt. Voluptas ea id maxime ullam.',3,'2020-07-13 18:59:15','2020-07-13 18:59:15'),(192,35,'Jimmie Ebert I','Quos et aliquam nesciunt distinctio. Omnis minima rem voluptas libero ab nesciunt sit. Hic et quis et possimus et velit.',3,'2020-07-13 18:59:15','2020-07-13 18:59:15'),(193,69,'Lonie Roob','Aut omnis sed vel omnis. Odit veniam dolores nisi quia consequuntur. Quisquam et quia nostrum inventore laboriosam. Eveniet non magnam quae eveniet temporibus.',0,'2020-07-13 18:59:15','2020-07-13 18:59:15'),(194,150,'Prof. Royce Purdy','Autem explicabo adipisci pariatur neque iste. Nihil inventore eos dolor ab et quaerat. Dolorem quisquam aut commodi adipisci unde quod. Laboriosam temporibus omnis blanditiis cupiditate aperiam et nemo nam.',1,'2020-07-13 18:59:15','2020-07-13 18:59:15'),(195,71,'Austen Carroll','Hic ut aliquam blanditiis sed soluta velit. Commodi iure iure autem cumque aut. Veritatis qui dignissimos laudantium officiis provident debitis velit. Et quo aliquam reiciendis.',4,'2020-07-13 18:59:15','2020-07-13 18:59:15'),(196,125,'Bernita Dickinson','Sunt officia omnis rem optio qui. Alias unde quod molestias omnis. Est expedita eum animi odit. Magnam maiores ut et. Nulla fuga totam autem.',0,'2020-07-13 18:59:15','2020-07-13 18:59:15'),(197,32,'Prof. Amir Abbott DVM','Alias consequatur perspiciatis in dolorum rerum. Suscipit eveniet modi dolores totam. Commodi beatae assumenda voluptatem iure autem corporis soluta.',5,'2020-07-13 18:59:15','2020-07-13 18:59:15'),(198,4,'Elyssa Hauck','Provident repudiandae incidunt nulla consequuntur. Fugiat praesentium perspiciatis rerum dolorem odio deleniti ducimus atque. Dolorum eaque aspernatur excepturi nostrum commodi sint consequatur. Debitis porro impedit sunt modi. Non maxime quo laborum officia assumenda sapiente porro.',2,'2020-07-13 18:59:15','2020-07-13 18:59:15'),(199,23,'Zita Hauck','Enim nihil quos officiis quisquam eius nostrum. Enim omnis corporis a et ut in qui. Est eaque consectetur debitis optio alias quas vitae amet. Suscipit quaerat sunt quae asperiores nihil.',5,'2020-07-13 18:59:15','2020-07-13 18:59:15'),(200,131,'Mr. Gerald Weber','Dolore facere placeat nobis nesciunt harum omnis fugit. Accusamus dolorem placeat accusantium est quos eius. Dolor molestiae commodi doloribus odio similique. Similique corporis quia qui illo autem quo sed.',5,'2020-07-13 18:59:15','2020-07-13 18:59:15'),(201,45,'Miss Fatima Kuvalis','Suscipit reiciendis ipsa quaerat delectus id at ut et. Quas nihil velit hic enim sunt id. Magni nulla id dolor deleniti ut sed ab velit. Suscipit nostrum est qui nihil exercitationem possimus ut.',3,'2020-07-13 18:59:15','2020-07-13 18:59:15'),(202,131,'Alyce Cassin','Ipsa at amet sint autem minima. Rem ut a quaerat magnam aut voluptas eligendi beatae. Quia numquam ut nemo voluptatem at quasi soluta a. Corrupti quasi deleniti excepturi sed maxime.',1,'2020-07-13 18:59:15','2020-07-13 18:59:15'),(203,9,'Rosamond Bashirian','Autem ullam id animi accusantium reiciendis nam magnam. Vero fugiat sequi minus sed sit soluta eos. Quia esse qui aperiam cupiditate architecto. Et temporibus repudiandae aut a et et.',2,'2020-07-13 18:59:15','2020-07-13 18:59:15'),(204,1,'Dr. Euna Sipes III','Accusamus eaque beatae rem cum culpa. Modi et id dolor vitae fugiat iste possimus. Consequatur est quis qui dolore. Cum suscipit sint non numquam rerum aspernatur soluta.',1,'2020-07-13 18:59:15','2020-07-13 18:59:15'),(205,3,'Aliyah Terry','Eum quisquam illum corrupti qui corporis laboriosam. Ea repellat animi architecto expedita. Impedit quis et ea nostrum id perferendis est.',4,'2020-07-13 18:59:15','2020-07-13 18:59:15'),(206,132,'Cameron Kozey','Sed id libero quos et doloribus corporis cupiditate. Et voluptas consectetur magnam aliquam doloremque voluptatibus id. Quaerat impedit harum neque. Alias itaque ab rerum magnam fugit aspernatur.',0,'2020-07-13 18:59:15','2020-07-13 18:59:15'),(207,117,'Bethel Murray','Quis fuga voluptate exercitationem ea temporibus. Consectetur corporis eos repellendus incidunt repudiandae consequatur pariatur. Et magnam iure asperiores ut veniam perspiciatis impedit.',4,'2020-07-13 18:59:15','2020-07-13 18:59:15'),(208,129,'Murl Roob I','Similique deleniti quas non aperiam ut omnis. Ut iure sed saepe rem mollitia est. Repellat provident ullam porro quis exercitationem excepturi harum quo.',3,'2020-07-13 18:59:15','2020-07-13 18:59:15'),(209,144,'Lucious Prosacco Jr.','Molestiae ipsa est quod quae. Quisquam consequatur quidem nam suscipit qui occaecati qui tempora. Corrupti quae molestias non odio. Qui veritatis harum qui.',5,'2020-07-13 18:59:15','2020-07-13 18:59:15'),(210,116,'Jan Ryan','Nesciunt qui modi odio unde perspiciatis qui. Neque et sit laudantium ratione ad maiores. Cum architecto nobis dolores vel.',2,'2020-07-13 18:59:15','2020-07-13 18:59:15'),(211,125,'Magnolia Blick IV','Ullam qui odio neque sunt repellendus voluptate cumque rem. Ex est est aut omnis velit. Dolorem enim harum repellat id cupiditate ratione consequuntur. Similique et consequatur enim. Impedit modi et velit tempora et dignissimos ipsam molestiae.',1,'2020-07-13 18:59:15','2020-07-13 18:59:15'),(212,22,'Prof. Antonette Cormier','Corporis ab quis error omnis quis quia. Modi numquam qui officia amet. Aliquam consequuntur et dolor at ipsam a unde.',3,'2020-07-13 18:59:15','2020-07-13 18:59:15'),(213,79,'Yazmin Auer PhD','Est nesciunt nihil voluptatem quibusdam quae eum repudiandae. Ut nihil occaecati facere consequatur et quia laboriosam. Odit quibusdam accusantium in laborum ut omnis. Quia est animi aut corporis fuga autem ratione cupiditate.',5,'2020-07-13 18:59:15','2020-07-13 18:59:15'),(214,8,'Meredith Crona MD','Sint omnis illum cum ea optio sed et. Quia odit sapiente commodi placeat est necessitatibus impedit ut. Ducimus ad ex sed rerum. Recusandae fuga rerum et recusandae vel.',0,'2020-07-13 18:59:15','2020-07-13 18:59:15'),(215,4,'Marty Breitenberg','Magnam cum occaecati dignissimos provident possimus et dicta. Voluptatem culpa omnis voluptas sequi magni eaque magnam. Laborum vel sint odit neque illo ducimus. Dolores delectus est aut corrupti fugit molestias.',0,'2020-07-13 18:59:15','2020-07-13 18:59:15'),(216,44,'Mr. Robbie Hudson DDS','Quo consequatur eligendi est odit non sequi. Quis aut ut in nisi consequatur. Itaque vitae consectetur exercitationem perspiciatis. Nam quibusdam et porro.',3,'2020-07-13 18:59:15','2020-07-13 18:59:15'),(217,93,'Stacy Lebsack','Deleniti dolore praesentium asperiores molestiae corporis magni. Illum nihil sunt expedita et sequi nam quia. Molestiae occaecati dolorem aut nihil beatae. Temporibus quisquam nemo illo dolorem enim iusto.',0,'2020-07-13 18:59:15','2020-07-13 18:59:15'),(218,124,'Belle Beatty I','Aut sed aperiam neque nulla tenetur. Iusto ut ratione dolorem sit quas voluptas. Enim et exercitationem natus ex odio doloribus.',2,'2020-07-13 18:59:15','2020-07-13 18:59:15'),(219,118,'Carolyn Marvin DVM','Sit ipsa cum libero voluptas qui quasi. Dolores occaecati debitis consequuntur est dolor placeat molestiae. Id quibusdam eveniet qui cupiditate.',1,'2020-07-13 18:59:15','2020-07-13 18:59:15'),(220,83,'Imogene Gottlieb','Nesciunt nihil hic sequi. Maxime neque voluptatem quia omnis. Libero iure non commodi eveniet beatae quos animi.',2,'2020-07-13 18:59:15','2020-07-13 18:59:15'),(221,100,'Sigmund Hahn IV','Sit quia eius illum ducimus aliquam rerum. Similique veritatis explicabo qui quod quisquam corporis. Commodi ex voluptatem et amet.',4,'2020-07-13 18:59:15','2020-07-13 18:59:15'),(222,12,'Gloria Kris','Nemo eos rem laboriosam esse. Fugiat voluptatem fugit pariatur aut sint et tempora.',0,'2020-07-13 18:59:15','2020-07-13 18:59:15'),(223,118,'Moriah Reynolds','Veniam tempora ex nulla rerum qui assumenda. Accusantium et saepe voluptatum. Delectus aliquam eius expedita aspernatur qui aliquid quasi. Quis quis ea eum ex consequuntur modi.',1,'2020-07-13 18:59:15','2020-07-13 18:59:15'),(224,80,'Una Wiza I','Maxime eum repudiandae voluptas. Ut commodi qui iure sunt ut cum maxime vitae. Quo est neque quia ut fugiat sint ipsa.',0,'2020-07-13 18:59:15','2020-07-13 18:59:15'),(225,93,'Nyah Carter III','Occaecati sit repudiandae quae sint nisi aliquid molestias et. Aut et numquam est voluptatem accusamus. Ea nostrum et autem et. Quae dolorum occaecati magni sint excepturi voluptatum et. Cum est voluptas laborum qui sint modi reprehenderit.',3,'2020-07-13 18:59:15','2020-07-13 18:59:15'),(226,114,'Levi Bailey','Dolorum nisi perferendis vitae enim alias officia. Earum et rerum dolorum velit occaecati molestiae. Voluptate voluptas qui praesentium ipsum earum praesentium harum. Itaque nihil velit ipsa nostrum iusto illum omnis.',2,'2020-07-13 18:59:15','2020-07-13 18:59:15'),(227,108,'Prof. Elyse Marquardt','Architecto quia sit incidunt porro. Quisquam et voluptatibus consequuntur ipsum provident repellendus perspiciatis doloremque. Autem eveniet dolores non quasi praesentium quaerat numquam porro. Consequatur voluptatibus asperiores et et iste aliquid.',5,'2020-07-13 18:59:15','2020-07-13 18:59:15'),(228,67,'Dawson DuBuque','Provident animi illo harum velit eveniet laudantium ducimus. Numquam consequatur modi voluptatibus dolorem cupiditate. Assumenda voluptate unde quo sed nisi qui.',1,'2020-07-13 18:59:15','2020-07-13 18:59:15'),(229,13,'Dr. Celine Gulgowski','Et cupiditate laudantium quo et. Sunt ipsam blanditiis eum voluptas aut ut nesciunt. Consequuntur quo quia exercitationem nisi amet iusto non. Exercitationem rem qui amet aperiam. Minima explicabo dolorem et et nobis qui.',0,'2020-07-13 18:59:15','2020-07-13 18:59:15'),(230,93,'Carmela Carroll','Et recusandae eaque mollitia natus. Omnis id nam voluptas sit. Quae laborum earum non ipsum error officiis necessitatibus.',0,'2020-07-13 18:59:15','2020-07-13 18:59:15'),(231,109,'Ara Wyman','Quod architecto quibusdam fugiat consequatur nemo. Amet dolor praesentium et ipsum accusantium magnam. Natus ullam est vitae quasi ipsam pariatur beatae. Sed velit doloribus laboriosam soluta non temporibus sint.',2,'2020-07-13 18:59:15','2020-07-13 18:59:15'),(232,109,'Mrs. Desiree Casper II','Voluptatum beatae maxime omnis sed hic voluptate aut. Eveniet qui corrupti a et. Sed labore temporibus rerum. Voluptate aut quaerat quis exercitationem consectetur doloremque expedita. Sed dolor et deleniti ut ea deserunt veniam.',1,'2020-07-13 18:59:15','2020-07-13 18:59:15'),(233,13,'Prof. Emma Swift III','Consequatur ea consectetur pariatur et. Cumque eum quas reprehenderit error explicabo voluptas. Praesentium ad dolorem sint.',2,'2020-07-13 18:59:15','2020-07-13 18:59:15'),(234,127,'Belle Ruecker','Alias neque fugiat expedita quas ipsa sed. Dicta eveniet quidem est neque quaerat omnis aliquid. Id possimus tenetur nulla sed quos.',4,'2020-07-13 18:59:15','2020-07-13 18:59:15'),(235,8,'Prof. Earl Hilpert','Et aspernatur qui eveniet omnis doloribus quod. Quidem ut quos aperiam qui. Architecto rerum vero eum porro repudiandae ut.',2,'2020-07-13 18:59:15','2020-07-13 18:59:15'),(236,95,'Chloe Bergstrom DDS','Exercitationem deserunt tempora sed necessitatibus occaecati corrupti unde. Natus repudiandae explicabo magni ullam veritatis. Qui enim repellendus animi nesciunt est animi. Eos iusto eum recusandae rerum aut dolorem magnam hic.',2,'2020-07-13 18:59:15','2020-07-13 18:59:15'),(237,20,'Jonathan Deckow','Nisi nesciunt ad aspernatur animi. Voluptatem dolores nisi enim illum. Dolorem quos molestiae vel a.',2,'2020-07-13 18:59:15','2020-07-13 18:59:15'),(238,77,'Prof. Leif Dooley DDS','Ab enim nemo porro repellat. Molestias debitis qui perferendis fugiat. Sint est voluptatum quis aut est earum mollitia animi. Repellendus consequuntur quis perferendis quis.',0,'2020-07-13 18:59:15','2020-07-13 18:59:15'),(239,54,'Christophe O\'Connell','Sapiente ut molestiae eum nostrum. Aut ut libero sit. Est voluptate natus deserunt tempora atque id. Eum accusantium qui sunt corporis et.',1,'2020-07-13 18:59:15','2020-07-13 18:59:15'),(240,3,'Aryanna DuBuque','Quibusdam accusantium et reprehenderit iure alias et. Et quos culpa vero porro voluptatum sequi. Debitis nesciunt alias voluptatem ut. Delectus incidunt aperiam pariatur porro dolor nam molestiae.',1,'2020-07-13 18:59:15','2020-07-13 18:59:15'),(241,141,'Malika Gottlieb','Totam atque consectetur placeat ipsa atque ratione aut necessitatibus. Aut delectus ut minus consequatur autem.',3,'2020-07-13 18:59:15','2020-07-13 18:59:15'),(242,123,'Amparo Senger II','Ut animi laudantium nisi et. Fuga libero et maiores omnis dolorem et cupiditate ut. Aut quos culpa et consectetur aut blanditiis rerum qui.',0,'2020-07-13 18:59:15','2020-07-13 18:59:15'),(243,31,'Grace Farrell','Voluptatem quis ipsum illum assumenda culpa in. Et earum qui et in quo. Et dolorem voluptate eum facere sint.',2,'2020-07-13 18:59:15','2020-07-13 18:59:15'),(244,39,'Prof. Diamond Herman II','Illo autem est itaque ut nobis quasi ut. Omnis iusto doloribus sequi voluptas hic. Ad magni doloremque ab repellendus nostrum incidunt. Fugit consequuntur voluptatem sunt omnis.',1,'2020-07-13 18:59:15','2020-07-13 18:59:15'),(245,51,'Junius Kulas','Impedit placeat debitis neque minus amet. Doloremque molestiae minus quaerat ea in. Et aspernatur aliquid dolore modi harum minima facere.',1,'2020-07-13 18:59:15','2020-07-13 18:59:15'),(246,40,'Eileen Krajcik','Veniam asperiores est placeat dolores. Ut sed voluptatibus odit sed. Ut labore numquam quia odit omnis qui. Aut dolorem quia qui consequuntur voluptates voluptatum.',3,'2020-07-13 18:59:15','2020-07-13 18:59:15'),(247,143,'Miss Shayna O\'Reilly','Aut dolores voluptates minima doloremque rerum non. Quae labore sit temporibus eveniet. Nam laboriosam qui assumenda debitis mollitia omnis neque. Possimus vel deleniti dolorem sapiente laudantium temporibus iure.',2,'2020-07-13 18:59:16','2020-07-13 18:59:16'),(248,23,'Molly Dooley','Repellat eligendi ducimus vero architecto rerum. Veniam occaecati repellendus adipisci. Rerum esse laudantium voluptatem commodi sunt nobis. Vel qui et beatae facilis in officia a.',5,'2020-07-13 18:59:16','2020-07-13 18:59:16'),(249,43,'Reba Weimann','Quasi hic consequatur assumenda esse tempore non magnam cum. Qui et non fugit laboriosam tempore aut autem. Est qui vero delectus vel et qui. Nisi ea voluptatum hic nostrum cupiditate. Est consequuntur eligendi accusamus a ullam vel voluptatibus.',4,'2020-07-13 18:59:16','2020-07-13 18:59:16'),(250,5,'Armando Bartoletti','Nesciunt consequatur et voluptatum veniam non aliquam et. Sit et autem illum doloremque ut ab. Aut qui quo quaerat in illo velit tempore.',3,'2020-07-13 18:59:16','2020-07-13 18:59:16'),(251,21,'Prof. Mason Dibbert MD','Aliquam est recusandae ut sunt expedita quia eos optio. Repudiandae nisi debitis aut aliquid laboriosam. Fuga quia eaque quam non eaque. Porro quas praesentium aliquam consequuntur quam voluptatem. Animi voluptas quia magnam.',4,'2020-07-13 18:59:16','2020-07-13 18:59:16'),(252,75,'Prince Deckow','Numquam quis voluptatem error nulla deserunt molestiae. Repudiandae excepturi porro qui dolor. Sit recusandae impedit id pariatur excepturi et cupiditate. Sequi dolor ipsum fuga voluptatem architecto est.',3,'2020-07-13 18:59:16','2020-07-13 18:59:16'),(253,111,'Makenna Olson MD','Dolore maxime laborum ea delectus sint. Saepe odio quia nihil ad quia itaque. Est repellat consectetur ut ipsum aperiam ducimus.',1,'2020-07-13 18:59:16','2020-07-13 18:59:16'),(254,143,'Effie McLaughlin','Esse voluptas totam iure iste. Facilis repudiandae iste laboriosam sit ut est rerum. Qui ut nulla maiores. Quidem ea omnis est amet in ipsum dolorum cum. Vel repellat aut perferendis aut qui.',0,'2020-07-13 18:59:16','2020-07-13 18:59:16'),(255,110,'Dr. Hadley Willms IV','Culpa inventore nesciunt aut laboriosam soluta nulla ipsam dolorem. Earum incidunt excepturi distinctio consequuntur maiores repellat ullam. Tempore quia accusantium veniam fugiat. Qui qui hic et sequi qui ut natus.',5,'2020-07-13 18:59:16','2020-07-13 18:59:16'),(256,39,'Remington Boehm V','Unde inventore nulla delectus culpa ipsam eum. Voluptates et illo iusto unde. Ipsa numquam ratione eligendi suscipit. Ipsam omnis ad sequi repudiandae debitis nobis facilis atque.',3,'2020-07-13 18:59:16','2020-07-13 18:59:16'),(257,125,'Candace Braun','Temporibus consectetur recusandae quasi temporibus saepe possimus alias voluptate. Illum nihil dolorem saepe pariatur qui quam laudantium corporis. Provident nobis eum labore amet iusto aliquid et.',2,'2020-07-13 18:59:16','2020-07-13 18:59:16'),(258,123,'Prof. Evert Nienow IV','Magni modi est provident qui. Numquam sed quae non sed sint. Possimus pariatur rerum facilis.',1,'2020-07-13 18:59:16','2020-07-13 18:59:16'),(259,44,'Darrel Bogan','Est quia numquam dolorum blanditiis in quis. Quo a natus placeat veniam et. Debitis repellat est labore laudantium. Qui ad molestiae similique rerum nobis et molestiae minus.',2,'2020-07-13 18:59:16','2020-07-13 18:59:16'),(260,57,'Dr. Warren Hill IV','Exercitationem quo eum qui quia delectus at. Laborum aut est officiis ducimus quia in. Ut omnis cupiditate earum.',0,'2020-07-13 18:59:16','2020-07-13 18:59:16'),(261,134,'Mrs. Genevieve Runolfsdottir Sr.','Sunt itaque eius ut. Veritatis deleniti vel facere asperiores. Doloribus officiis quasi dicta aut.',0,'2020-07-13 18:59:16','2020-07-13 18:59:16'),(262,58,'Jensen Marks PhD','Dolore quis neque quasi suscipit quidem nulla omnis. Hic placeat velit quis doloribus ea esse autem veniam. In sunt eos qui qui.',3,'2020-07-13 18:59:16','2020-07-13 18:59:16'),(263,40,'Freddie Huels','Minus nulla mollitia nobis aperiam ut non adipisci. Ab velit id sequi nisi porro qui modi. Voluptatibus non quo aspernatur sit provident magni.',4,'2020-07-13 18:59:16','2020-07-13 18:59:16'),(264,54,'Tyshawn Ledner','Eos sit dolores aperiam nihil incidunt. Nisi omnis cumque aperiam. Saepe eligendi sed eum natus.',1,'2020-07-13 18:59:16','2020-07-13 18:59:16'),(265,115,'Alyson Fadel','Dignissimos rerum beatae voluptates molestias. Et nihil debitis natus neque veritatis vel. Nemo quo sit repudiandae quaerat omnis quia sed enim. Mollitia voluptatem harum temporibus voluptatem dolorem harum.',1,'2020-07-13 18:59:16','2020-07-13 18:59:16'),(266,84,'Jeramie Schuppe','Qui autem ut recusandae fugit. Non est odio fugit repudiandae. Et dignissimos dolores eos sit quas.',1,'2020-07-13 18:59:16','2020-07-13 18:59:16'),(267,115,'Maia Tremblay','Expedita voluptates necessitatibus non sed nostrum est suscipit aut. Voluptate sit aut magni maiores qui delectus suscipit. Magni voluptatem delectus qui. Facere eligendi illo non.',1,'2020-07-13 18:59:16','2020-07-13 18:59:16'),(268,14,'Miss Elyssa Hane','Doloremque aut iure sed ipsam animi quaerat. Ipsa minus eius aspernatur error nobis corrupti ullam. Quidem voluptatem sit nihil recusandae.',3,'2020-07-13 18:59:16','2020-07-13 18:59:16'),(269,20,'Bertram Brakus','Nostrum quia non nulla magni qui. Sit ut laudantium labore esse enim sunt hic. Explicabo molestiae non debitis magni ex. Hic et quae tempore ut et.',0,'2020-07-13 18:59:16','2020-07-13 18:59:16'),(270,85,'Paolo Volkman','Nemo nam corporis consequatur ut. Est voluptatibus et esse quidem est assumenda aspernatur. Iste molestiae sequi libero voluptas eum.',4,'2020-07-13 18:59:16','2020-07-13 18:59:16'),(271,8,'Sid Bosco','Aut quisquam est et illum laboriosam dicta. Et hic neque consequuntur iusto voluptatem nihil. Soluta harum aut accusamus atque labore est vel. Accusantium deleniti eos qui enim.',2,'2020-07-13 18:59:16','2020-07-13 18:59:16'),(272,120,'Mr. Johnpaul Lebsack','Ipsum quia quis itaque nam. Expedita explicabo rerum quae ea. Quia itaque repudiandae provident similique blanditiis.',3,'2020-07-13 18:59:16','2020-07-13 18:59:16'),(273,111,'Prof. Monty Miller DDS','Ex eum aliquid praesentium sapiente culpa et saepe ipsum. Officia est qui ut sit. Enim tempore amet reiciendis sit sit. Dolor et ut dolorem eveniet non.',2,'2020-07-13 18:59:16','2020-07-13 18:59:16'),(274,86,'Prof. Zander Kohler','Non veniam atque quia consequatur nihil omnis facere. Molestias enim consequatur iste. Officia adipisci omnis nostrum sapiente exercitationem. Placeat consequuntur perspiciatis sequi voluptatibus cum id aliquid. Minima iusto quam repellendus.',5,'2020-07-13 18:59:16','2020-07-13 18:59:16'),(275,96,'Sean Sipes','Unde iste dolore ratione quaerat unde. Quo iusto recusandae ut voluptatem dignissimos esse. Dolor sit suscipit quae molestiae quod. Alias quia autem consequatur enim delectus minus. Sequi quis odio perferendis vero.',5,'2020-07-13 18:59:16','2020-07-13 18:59:16'),(276,17,'Prof. Jamie Beier Jr.','Omnis quidem sint laborum enim sint sed dolorem architecto. Blanditiis aut architecto sequi aut aut sunt ullam. Aliquam possimus et voluptatem officia dolor eum. Accusamus rem velit repudiandae omnis sunt dolorum ut.',0,'2020-07-13 18:59:16','2020-07-13 18:59:16'),(277,99,'Florencio Fritsch','Eum sit dolorem vero sint nemo quas et. Quasi animi exercitationem nulla. Distinctio mollitia placeat omnis provident voluptatibus occaecati illo. Rem corporis reprehenderit in eos. Dolores dignissimos molestias et autem voluptas ea unde.',2,'2020-07-13 18:59:16','2020-07-13 18:59:16'),(278,131,'Anibal Doyle Jr.','Perspiciatis voluptates mollitia dolorem voluptas itaque voluptatibus. Quibusdam nesciunt saepe eligendi aut earum. Quisquam sint sint necessitatibus corrupti. Voluptas facilis doloribus dolores quia quia ducimus.',1,'2020-07-13 18:59:16','2020-07-13 18:59:16'),(279,67,'Alisa Stoltenberg Jr.','Ea aut pariatur consectetur et quos. Sunt minus et sunt numquam. Nam inventore est dignissimos et amet.',4,'2020-07-13 18:59:16','2020-07-13 18:59:16'),(280,130,'Lorenz Grimes','Est nam cum sunt dolores ipsum quia commodi. Sit aut iste earum velit facere. Ad nesciunt eaque dolores velit. Non reprehenderit ut eius dolor fugiat.',2,'2020-07-13 18:59:16','2020-07-13 18:59:16'),(281,55,'Maybell Bechtelar','Et temporibus aut eius eos. Veritatis cupiditate aut sed provident. Qui sunt et possimus quam. Qui labore et sequi hic ducimus.',4,'2020-07-13 18:59:16','2020-07-13 18:59:16'),(282,6,'Ms. Kathleen Runolfsson V','Omnis sed voluptatem pariatur ullam minima ea officia. Explicabo similique qui et exercitationem molestiae. Distinctio porro occaecati suscipit dolorem unde amet. Ex sed qui eveniet quisquam expedita repellat sit eos.',1,'2020-07-13 18:59:16','2020-07-13 18:59:16'),(283,31,'Kathryne Kilback PhD','Deserunt ipsa doloremque officiis. Temporibus tempore et ut. A aliquam iure ipsum commodi natus error. Voluptate eum quae quisquam harum. Voluptates unde quis saepe magni.',3,'2020-07-13 18:59:16','2020-07-13 18:59:16'),(284,67,'Dahlia Quigley','Fugit sint quas mollitia eius est molestias veniam dolorem. Illo nesciunt repellat aspernatur rerum qui sed rerum. Animi nesciunt illo autem animi quo ab.',2,'2020-07-13 18:59:16','2020-07-13 18:59:16'),(285,38,'Macey Monahan','Ad sit quia laboriosam et placeat laudantium dolorum eum. Accusamus asperiores hic mollitia saepe voluptatibus. A pariatur autem esse unde pariatur soluta.',1,'2020-07-13 18:59:16','2020-07-13 18:59:16'),(286,134,'Pamela O\'Reilly','Possimus optio sit aut doloremque. Nemo asperiores soluta laborum aspernatur cumque hic. Ut voluptas doloremque suscipit sed. Ratione similique sint est quas culpa.',0,'2020-07-13 18:59:16','2020-07-13 18:59:16'),(287,121,'Nathen Lind','Voluptatem fugit consequatur illum. Dolores omnis rem et quia distinctio atque tempore. Molestiae nobis libero esse nihil dignissimos perferendis culpa. Autem qui voluptas odit odit dolores. Tenetur dolor est consequuntur ratione unde autem sunt.',2,'2020-07-13 18:59:16','2020-07-13 18:59:16'),(288,1,'Ms. Zoey Feeney Sr.','Qui sed et et reprehenderit quia distinctio. Ipsam explicabo non suscipit. Est veritatis aperiam ipsum omnis autem sed sed. Quo aut corrupti ipsum soluta eos.',2,'2020-07-13 18:59:16','2020-07-13 18:59:16'),(289,40,'Ashlynn Reichel','Eum cumque earum cumque unde sit quis qui. Omnis molestias et rem saepe quis rerum. Quod unde accusamus voluptatem consectetur sint in molestias. Ipsum voluptas ut facere quod.',3,'2020-07-13 18:59:16','2020-07-13 18:59:16'),(290,19,'Aurelie Reinger','Sapiente quis unde est rem dignissimos quo. Possimus numquam itaque eum ad. Quo et ratione velit recusandae quibusdam. Quae quod exercitationem debitis deserunt officiis corporis.',5,'2020-07-13 18:59:16','2020-07-13 18:59:16'),(291,144,'Gustave Braun','Praesentium quisquam asperiores eum provident animi. Quisquam consequatur nam illum ut explicabo. Est quia quidem animi culpa libero voluptas.',1,'2020-07-13 18:59:16','2020-07-13 18:59:16'),(292,149,'Bell Hackett','Nemo sint rem dolor similique deleniti provident. Eius asperiores quisquam sint molestiae sunt quam unde. Architecto illum voluptas ad ut.',1,'2020-07-13 18:59:16','2020-07-13 18:59:16'),(293,121,'Sheldon Mayer','Minus et molestiae quia porro sed quibusdam dolore doloribus. Voluptatem nemo eum nihil officia et modi. Amet inventore aut et qui qui velit. Recusandae sed eaque accusantium doloremque rerum quia.',3,'2020-07-13 18:59:16','2020-07-13 18:59:16'),(294,106,'Prof. Emelia Kessler','Sit sunt enim et quis similique. Exercitationem qui illum dolore rerum.',1,'2020-07-13 18:59:16','2020-07-13 18:59:16'),(295,90,'Addie Cruickshank','Minima ut doloremque perspiciatis debitis doloremque. Doloribus quia cum ipsa sed expedita minima. Quos doloremque quae consectetur atque quae. Qui provident veniam sit voluptatibus. Dolor facere sit officia at facilis dolor.',5,'2020-07-13 18:59:16','2020-07-13 18:59:16'),(296,81,'Candido Kirlin','Autem aspernatur dolores vitae consequatur. Temporibus est quo blanditiis beatae expedita. Et sit excepturi est illum.',4,'2020-07-13 18:59:16','2020-07-13 18:59:16'),(297,20,'Dr. Maurice Hoeger DDS','Quos et voluptatem ut esse pariatur et. Rerum officia provident aut. Commodi placeat ad facilis est laudantium qui dolorum.',5,'2020-07-13 18:59:16','2020-07-13 18:59:16'),(298,46,'Prof. Maryjane Kertzmann DDS','Et corrupti nemo nostrum ex magnam. Sint nobis doloremque et quo quas mollitia. Minus autem qui libero consequuntur accusantium est maxime. Molestiae quasi asperiores nesciunt ducimus quis quod.',3,'2020-07-13 18:59:16','2020-07-13 18:59:16'),(299,125,'Prof. Valerie Deckow I','Delectus qui voluptatem ipsa delectus quis. Aut officia totam nemo quibusdam ut vel accusantium. Aut molestiae alias et tempora laudantium assumenda.',5,'2020-07-13 18:59:16','2020-07-13 18:59:16'),(300,43,'Dr. Kyle Keeling PhD','Repellendus voluptas eos distinctio voluptatibus nihil laborum. Sunt non sunt voluptatem iure laboriosam. Nisi tenetur neque explicabo nobis. In quo dolorem aut facilis perferendis non voluptate.',1,'2020-07-13 18:59:16','2020-07-13 18:59:16');

#
# Structure for table "users"
#

DROP TABLE IF EXISTS `users`;
CREATE TABLE `users` (
  `id` int(10) unsigned NOT NULL AUTO_INCREMENT,
  `name` varchar(191) COLLATE utf8mb4_unicode_ci NOT NULL,
  `email` varchar(191) COLLATE utf8mb4_unicode_ci NOT NULL,
  `password` varchar(191) COLLATE utf8mb4_unicode_ci NOT NULL,
  `remember_token` varchar(100) COLLATE utf8mb4_unicode_ci DEFAULT NULL,
  `created_at` timestamp NULL DEFAULT NULL,
  `updated_at` timestamp NULL DEFAULT NULL,
  PRIMARY KEY (`id`),
  UNIQUE KEY `users_email_unique` (`email`)
) ENGINE=InnoDB DEFAULT CHARSET=utf8mb4 COLLATE=utf8mb4_unicode_ci;

#
# Data for table "users"
#

